member_id,full_name,date_of_birth,gender,city,state,plan_id
c1f1fcaa-82fd-d5b7-3544-c8f9708b06a8,Thi53 Wunsch504,2005-07-04,F,Bellingham,NY,PLAN_GOLD
339144f8-50e1-633e-a013-f361391c4cff,Chi716 Greenfelder433,1998-05-11,M,Boston,TX,PLAN_BRONZE
d488232e-bf14-4bed-08c0-a82f34b6a197,Phillis443 Walter473,2003-01-28,F,Hingham,WA,PLAN_GOLD
faac724a-a9e9-be66-fe1e-3044dc0ba8ea,Brandon214 Watsica258,2020-12-04,F,New Marlborough,MA,PLAN_SILVER
23d16ee3-8cd4-eeb8-e77e-1e5fbf4c4159,Rodrigo242 Arellano2,1990-12-15,M,Revere,PA,PLAN_PLATINUM
aade3c61-92bd-d079-9d28-0b2b7fde0fbb,Sal878 Hoppe518,1985-06-05,M,Somerville,OH,PLAN_GOLD
0288c42c-43a1-9878-4a9d-6b96caa12c40,Miki234 Kozey370,1979-12-17,F,Cambridge,GA,PLAN_GOLD
dc6c06d0-a7d8-100f-c08b-46c93700c188,Taylor21 Gulgowski816,2006-07-11,M,Springfield,CA,PLAN_GOLD
61a2fcc0-d679-764c-7d86-b885b2c4907f,Erline657 Metz686,1993-01-22,F,Holbrook,OH,PLAN_GOLD
c0219ca9-576f-f7c2-9c44-de030e94969b,Beatriz277 Urías338,1971-12-06,F,Somerville,OH,PLAN_BRONZE
cb8c092a-99aa-6c9c-1ec1-660f0b00549d,Kari181 Douglas31,1990-12-28,F,Wellesley,MN,PLAN_PLATINUM
97a20cf9-630d-939c-2f50-f13c434aee2f,Mayme605 Walter473,1984-03-23,F,Boston,NY,PLAN_PLATINUM
55a6a46e-a1a4-0298-e58f-c0cb27cbb022,Maddie576 Gutmann970,1958-09-18,F,Quincy,MA,PLAN_PLATINUM
961f61f8-ed32-f113-8450-192064b49aa9,Jessia669 Wisoky380,2002-06-13,F,Abington,MA,PLAN_SILVER
9acc871f-b577-5530-b8ad-fa95b58cea25,Lavinia262 Heaney114,1985-03-24,F,Brookline,CO,PLAN_SILVER
1d3d0ba6-5475-07c2-0b40-562ad75fdf26,Laurena366 Heidenreich818,1960-01-21,F,East Longmeadow,AZ,PLAN_SILVER
98e4223a-5ad8-94e0-2d73-ee5203dd4e2b,Delfina519 Parisian75,2008-11-09,F,Everett,CO,PLAN_GOLD
8fa5a097-1970-9370-4193-a7baa3d235b5,Verla696 Hamill307,2000-08-25,F,Everett,NY,PLAN_GOLD
8c2d5e9b-0717-9616-beb9-21296a5b547d,Zelda766 Ernser583,1960-12-15,F,Haverhill,IL,PLAN_SILVER
a7624ac9-6308-e015-1c5c-115c97c631fe,Esther279 Runolfsson901,1959-11-02,F,Waltham,IL,PLAN_SILVER
33c2ca32-ae38-66c5-474f-83273568906e,Franklyn361 Tromp100,1955-10-25,M,Georgetown,MN,PLAN_BRONZE
57b53310-98a9-f011-69c0-02068c37d83b,Tommye961 Simonis280,1972-07-13,F,Plymouth,CO,PLAN_PLATINUM
c9b4f8c6-d7be-6563-0560-c90cfe6b12ca,Pei116 Williamson769,2003-10-08,F,Woburn,GA,PLAN_PLATINUM
1f528581-7613-2b96-dce3-68c7cf967ea1,Bonita405 Bernier607,1985-04-03,F,Whitman,OH,PLAN_GOLD
1cfa5a70-7f3c-4227-5cf1-e182fcff4cd4,Alaine226 Willms744,1958-09-18,F,Quincy,OH,PLAN_SILVER
2f031d4a-b070-ce15-6372-30c8fecf1164,Magdalene960 Orn563,1994-09-30,F,Lexington,NY,PLAN_BRONZE
9a632ddc-b352-6dd7-0fb3-916fde80c9a3,Shaun461 Dickens475,1989-02-22,M,Lunenburg,CA,PLAN_PLATINUM
56bf1a47-8065-1ba5-6d8c-430b37a621bf,Denny560 Watsica258,2007-06-22,M,Concord,TX,PLAN_GOLD
8bf6aa92-645f-3c82-ddcd-5851496a6aa8,Ethelyn789 Vandervort697,1967-05-07,F,Easton,NY,PLAN_GOLD
f0660412-c40e-4d5c-5b11-08b6da289331,Terry864 King743,1975-01-24,M,Buzzards Bay,OH,PLAN_GOLD
53cc5b94-3c84-3ecf-ae94-f98203e3d8ba,Elwood28 Gottlieb798,2014-03-07,M,Braintree,PA,PLAN_GOLD
060e72d3-912e-55cd-0c92-5faa6cb7a6db,Benny518 Tillman293,1969-01-03,M,Quincy,FL,PLAN_SILVER
18f70d07-28a0-17f3-2605-bf21cceb194b,Ernestina649 Fahey393,2020-02-08,F,Cambridge,NC,PLAN_BRONZE
a7b903a5-5c6f-3f5e-4035-62d94b0b52b3,Lavonia8 Abernathy524,1995-12-21,F,Medford,TX,PLAN_SILVER
2dacba2b-f4f3-9726-0f13-2f1a87f69bba,Margarite168 Boyer713,1988-03-15,F,Waltham,IL,PLAN_SILVER
7d28d76a-9ac8-67b4-3c88-0a75be3d0851,Erna640 Robel940,1969-01-03,F,Lynn,CA,PLAN_SILVER
307b6419-5147-4716-10b1-bb458ac191c3,Micheal721 Shields502,2003-07-19,F,Fairhaven,MN,PLAN_GOLD
0afb59a5-12cb-3b6a-eead-3a72d24fb678,Hershel911 Lang846,1980-12-05,M,Holbrook,PA,PLAN_GOLD
38565670-114d-6c46-50b9-76bbffb16ffb,Christal240 Glover433,1970-09-14,F,Lawrence,CO,PLAN_GOLD
6a6a1b30-9966-bd68-e732-b7ce2c0b6ade,Roberto515 Quiroz936,2013-11-19,M,Haverhill,GA,PLAN_SILVER
be82309d-1a8f-df82-4cd6-5f03e1060e8e,Felton646 Pouros728,1970-03-07,M,Shirley,WI,PLAN_PLATINUM
5e2cd800-901b-55d3-edf4-ab6e3c7524ff,Jonathon205 Rice937,1983-03-13,M,Somerville,OH,PLAN_GOLD
62bb08df-1e20-441c-6fea-94c47a30690a,Leonie332 Monahan736,1980-05-21,F,Newburyport,OH,PLAN_PLATINUM
d1822991-eb4f-aafe-6a88-cd5279b4385b,Solomon675 Moore224,2017-01-09,M,Lancaster,PA,PLAN_SILVER
5b2f8ddd-408a-884c-00e9-047b13e6cc45,Refugio197 Ratke343,1999-07-06,M,Lynn,AZ,PLAN_PLATINUM
afd63046-5213-0c98-561f-12e6725cd1f5,Pattie91 West559,1956-10-25,F,Belmont,MN,PLAN_PLATINUM
ceec80e3-5c50-be88-198c-e98375c8e8a2,Gerry91 Treutel973,1977-09-12,M,Boston,GA,PLAN_GOLD
3a74ce3c-442e-b4ef-fb10-560f58f8e613,Leif534 Williamson769,1997-03-26,M,Amherst,IL,PLAN_SILVER
04f25f73-04b2-469c-3806-540417a0d61c,Maye976 Dickinson688,1969-10-19,F,Woburn,OH,PLAN_BRONZE
3ff3637c-86a6-6d45-8e41-f1b2c96fbcf4,Rosana394 Kessler503,2010-01-13,F,Lowell,CO,PLAN_SILVER
6b3a5686-0f63-5ce4-cc03-0bba2052f7b1,Lashawnda573 O'Hara248,1958-10-28,F,Lowell,TX,PLAN_SILVER
e70e7298-5026-74b0-505b-110dd1ce0af7,Lyla842 Braun514,1941-10-26,F,Canton,NC,PLAN_GOLD
8761af66-90ad-7f7d-2102-58b767495473,Jack927 Barton704,1991-06-21,M,Medford,NY,PLAN_PLATINUM
50aac3ff-d836-adfd-620d-662fa08fdf55,Jacquelynn434 Morar593,1960-09-23,F,Holyoke,OH,PLAN_SILVER
c88891ca-5796-aca3-c67d-0b2043dd0463,Alexander630 Robel940,2007-12-14,M,Marshfield,WA,PLAN_PLATINUM
0f235c70-d4a8-4a79-e124-eb3b6da274a0,Dovie983 Fay398,1992-01-05,F,Longmeadow,GA,PLAN_GOLD
e15d5c46-48a2-2364-2b4f-529ecbe0c956,Edison640 Hudson301,1970-12-26,M,Bourne,OH,PLAN_SILVER
97899f1d-9c3b-2b90-17b8-400c11ab8f0f,Alberta625 Waters156,1969-10-19,F,Woburn,NC,PLAN_BRONZE
9ac43dbb-44d6-871e-b411-a1c18c61b55e,Mohammad578 Mann644,1942-10-15,M,Pembroke,PA,PLAN_SILVER
87daa935-0fc8-61cf-9e00-b8540c292903,Collin529 Becker968,1959-11-17,M,Methuen,AZ,PLAN_PLATINUM
81b2098d-e476-7d41-46b1-1c86fa027785,Isa815 Gorczany269,1956-02-18,F,North Plymouth,IL,PLAN_BRONZE
10a1709a-5dde-1e3a-4c06-d8de03764712,Werner409 Schneider199,1958-04-07,M,Yarmouth,CO,PLAN_SILVER
e984f023-1987-15a9-f24b-f980ce800206,Starla601 Collier206,1975-08-10,F,Scituate,PA,PLAN_SILVER
e92c1f65-ac3e-4732-1199-fcaefa803406,Ernesto186 Jaramillo133,1969-06-17,M,Winthrop,WA,PLAN_GOLD
e000e5c8-30f7-7a53-a324-7f3e431ba008,Cletus494 Bartell116,1970-03-08,M,Amherst,CO,PLAN_BRONZE
f7a3acd9-1c09-59d6-dbaa-079164cbe703,Emerson869 Frami345,1976-02-19,M,Taunton,OH,PLAN_SILVER
96df4283-1388-506c-e88f-77cd4232e1b4,Alonso270 Barton704,1942-10-15,M,Pembroke,GA,PLAN_SILVER
78a50f0f-cce6-17f0-cc9f-bd605ce78292,Mardell937 Legros616,1984-12-26,F,Cohasset,CA,PLAN_SILVER
b45719be-ad92-ca35-29be-daaacf4f258b,Pierre431 Collins926,1966-03-01,M,Boston,MN,PLAN_BRONZE
87cecc0c-9c64-cc50-5370-d7c881ccbd61,Lucio648 Toy286,1948-03-03,M,Somerville,CO,PLAN_BRONZE
33b3cedc-e045-2a40-e5b7-116ede5d8c66,Sharlene906 D'Amore443,1944-02-16,F,Worcester,CO,PLAN_BRONZE
54e10ce1-0444-aa9d-a915-1d576a6a0f70,Todd315 Breitenberg711,1958-04-07,M,Yarmouth,FL,PLAN_PLATINUM
fa311677-035c-7329-3dec-2a01c9afd965,Jeremy766 Witting912,1958-09-06,M,Plainville,FL,PLAN_BRONZE
899c3251-4ec5-8102-957c-e89acd5b921a,Lakeesha370 Romaguera67,1969-02-02,F,Newton,NC,PLAN_BRONZE
0fc183b2-8b93-ec17-d2fc-e703b373c9d7,Barbara209 Soliz209,1971-01-18,F,Salem,MN,PLAN_GOLD
add236d5-0131-8a3f-8b55-a081df83922e,Darline247 Ondricka197,1997-12-19,F,Peabody,WI,PLAN_GOLD
d2f61dcd-764f-619a-a60e-dc4a23eb3d53,Molly175 Carroll471,1999-04-03,F,Waltham,NY,PLAN_GOLD
a74d0e94-a25c-e5b1-3d27-d23552bd29f1,Sydney660 O'Hara248,2014-05-13,M,Gloucester,NC,PLAN_BRONZE
5136cc20-a63c-c7c8-00ae-fc5fa86be863,Lavern240 O'Kon634,1942-10-15,M,Pembroke,CA,PLAN_PLATINUM
d7b59f8c-fe04-46a1-de11-1ca3bd0d58e9,Tad831 Pagac496,1998-11-24,M,Hatfield,IL,PLAN_BRONZE
2a98d763-bdbc-f524-31b7-23712dc08894,Maxwell782 Littel644,1971-01-03,M,Middleborough Center,MN,PLAN_PLATINUM
c1c5bcd1-d232-8de3-7e0f-3ef13280455c,Delmy607 Shanahan202,1995-05-21,F,Agawam,GA,PLAN_GOLD
e7d52393-d28b-96d3-fe60-5a19ef9ce171,Javier97 Greenfelder433,1948-03-03,M,Somerville,TX,PLAN_BRONZE
be86cb71-0481-f2c6-c89b-e8ea1136a893,Isadora719 Tremblay80,1957-02-12,F,Ipswich,CO,PLAN_GOLD
71a8b156-760b-df6b-859e-eefc7932a526,Adriana394 Hintz995,2014-11-15,F,Boston,AZ,PLAN_BRONZE
63d20fbe-d046-cc9f-59b7-c51c073583c1,Roselia779 Kilback373,1944-02-16,F,Worcester,CA,PLAN_GOLD
2aeeff83-dd7a-e599-6199-35b39c614293,Grady603 Predovic534,1983-03-26,M,Boston,IL,PLAN_GOLD
6ab08a28-1670-be6a-f2c9-f2e248700836,Ermelinda113 Kerluke267,2001-04-01,F,Amherst,MA,PLAN_BRONZE
41ba25b8-f5ca-3bce-c26f-64b5ce13e525,Lucius907 Gerlach374,1970-10-24,M,Methuen,OH,PLAN_GOLD
683fc157-3f75-3396-c034-a3fb4ec710fe,Ian270 Ledner144,1989-08-30,M,Franklin,OH,PLAN_BRONZE
de08c2b0-05d0-ba6a-a515-d7d779aa5191,Chase54 Okuneva707,1988-10-22,M,Boston,CA,PLAN_GOLD
3beee40e-512b-420f-38a3-28e56cddbc9b,Lou594 Crooks415,1952-07-28,M,Heath,PA,PLAN_BRONZE
9e84e569-7adc-ff42-ccdb-9fe9c23842a6,Armando772 Hilll811,1945-11-04,M,Lynn,PA,PLAN_GOLD
346a1435-2455-914f-c287-7b88052d05db,Akiko835 Pfannerstill264,1981-11-16,F,Framingham,NC,PLAN_SILVER
1d1af1df-c916-9534-dcb4-b9aaf02e48d5,Pattie91 Feest103,1974-07-16,F,Springfield,IL,PLAN_PLATINUM
d60a19c3-848d-6c3b-deed-8e2226bd5757,Monica757 Nikolaus26,2011-04-25,F,Worcester,GA,PLAN_BRONZE
af0323f7-dcf2-5d97-8623-2f0d511016ec,Luigi346 Carroll471,1960-06-27,M,Boston,PA,PLAN_SILVER
165a4435-31ff-0493-eb3f-3a86106f3a59,Thelma273 Bayer639,1972-09-14,F,Agawam,PA,PLAN_PLATINUM
75bfc8f4-2f19-2b6a-120a-31888422aa78,Geraldine667 Koch169,1965-06-26,F,Groton,FL,PLAN_BRONZE
fee55adf-498c-5111-2136-e805906a3a74,Rea30 Daugherty69,1974-12-23,F,Haverhill,GA,PLAN_PLATINUM
d432ac90-2b10-097f-9a30-093555da284f,Esther279 Toy286,1970-08-20,F,Middleborough Center,OH,PLAN_BRONZE
51b59c09-c5a3-9c00-9ff0-e18c05efe769,Carmen818 Gutkowski940,1979-02-14,M,Foxborough,NY,PLAN_BRONZE
4b0187d5-ffc7-563b-80e8-0d45bfd0709f,Ines699 Beier427,1948-04-14,F,Marblehead,GA,PLAN_SILVER
4898f210-0f92-d5f8-0b8f-29c0899b69db,Herbert830 Pouros728,1983-04-09,M,Hatfield,NC,PLAN_SILVER
cbf4f991-0ef5-2f3f-122d-2b73edb21c1f,Weston546 Thompson596,1955-02-02,M,Yarmouth,WA,PLAN_PLATINUM
0c821314-2669-2ad3-2ac3-8ce662d8325c,Paz9 Murphy561,1975-11-15,F,Berkley,WI,PLAN_GOLD
34b1b3b3-73ce-1bc2-b26e-dce20c4f6cbc,Jerry654 Satterfield305,1950-09-30,M,Fitchburg,TX,PLAN_PLATINUM
9b94051f-59a9-c941-61af-9acf2a9af22f,Stephen891 Daniel959,1945-07-17,M,Rehoboth,TX,PLAN_SILVER
9ef4db86-c427-ddfe-a607-737f08ffb0c1,Terrilyn343 Murphy561,1973-04-02,F,Lowell,MN,PLAN_BRONZE
aa83e9bd-e4d5-1874-01ec-539e4a8356e1,Mitch821 Stark857,2016-08-08,M,Essex,MA,PLAN_BRONZE
90053970-cbf7-9102-32f1-61c1b05827a8,Mika226 Daugherty69,1959-03-23,F,Walpole,TX,PLAN_SILVER
97a30f0c-5ece-06e1-f7c1-1f8d46057ea7,Lucretia377 Mann644,2012-11-26,F,Andover,NY,PLAN_PLATINUM
e8ffd460-0685-7966-5e43-d24315e2f40c,Joya53 Hagenes547,2000-05-09,F,Boston,WA,PLAN_GOLD
39b4eaac-6d32-3610-6cdf-20196fd708cb,Noriko180 Herman763,2005-04-13,F,Kingston,WA,PLAN_PLATINUM
8de0c26b-923d-7d3a-3315-9a800f7e46ec,Johnathan55 Reichert620,1955-02-02,M,Yarmouth,MA,PLAN_GOLD
246fb368-8991-dc93-f6a5-eca807e7dbde,Eleni953 Hilpert278,1990-10-28,F,Halifax,NC,PLAN_GOLD
51c7ff6a-33e3-3e1b-d3ad-0035c8227dfa,Georgiann138 Heaney114,2002-04-11,F,Amherst,NY,PLAN_BRONZE
7adfe946-37fc-cb42-d68b-04175f767196,Ilona639 Graham902,1996-06-09,F,Seekonk,NC,PLAN_GOLD
509f9a77-2a22-f98b-c539-9a44057efb51,Loretta235 Bosco882,1965-02-08,F,Mashpee,GA,PLAN_SILVER
23436e20-0eca-9c61-472c-6f03ec5bef26,Chris95 Gislason620,1988-07-19,M,Mansfield,WA,PLAN_PLATINUM
591d3cc1-8a81-1962-faef-d96b874870b2,Kaitlyn96 Heathcote539,2002-05-08,F,Northampton,AZ,PLAN_SILVER
0ee91088-5b0d-8cdb-ef22-357b12a26b25,Lavera253 Reilly981,1986-02-11,F,Salem,FL,PLAN_GOLD
89464607-f8af-06a3-fe2f-227495c12550,Jayme42 Abernathy524,1975-12-22,F,Haverhill,TX,PLAN_GOLD
23cec4fc-145d-f75d-dc70-2a52c97bd9c3,Deandre599 Harris789,1951-12-12,M,Westford,OH,PLAN_PLATINUM
27050e3a-dba0-61b9-3041-373c323e16a4,Jenifer459 Abshire638,2004-02-20,F,Attleboro,CA,PLAN_BRONZE
ff0e4d0e-6181-e36e-d817-64dbcaecb5d0,Domingo513 Bashirian201,1994-08-12,M,Barnstable,GA,PLAN_GOLD
69280d14-c5eb-897b-59ce-e4432cd9509a,Suzan149 Franecki195,2008-09-22,F,Southborough,GA,PLAN_BRONZE
0631ad5a-2c27-b7bf-f2eb-e2deec82692a,Sharleen176 Cronin387,2007-09-28,F,Westport,TX,PLAN_BRONZE
c0b0f482-c7b7-c9dd-9f8d-66f8dc6b4f4d,Young120 Orn563,1967-01-30,M,Boston,AZ,PLAN_SILVER
80534c6c-b12d-caa5-42de-b179fd7f9695,Anthony633 Wehner319,1994-08-12,M,Barnstable,FL,PLAN_GOLD
b1b0fe43-a0f7-3ea6-67f8-0b5a3afd5a8e,Hassan290 Wyman904,2020-02-02,M,Chicopee,MN,PLAN_SILVER
303c8bd7-a047-5e7c-6dd3-1d6e7f04d439,Almeta56 Marvin195,1999-06-04,F,Shrewsbury,NC,PLAN_GOLD
e266fa7d-d981-ef94-45e7-3d253425c3f9,Yong583 Rodriguez71,1999-11-27,M,Boston,WA,PLAN_GOLD
1a4f3136-4eae-dc5d-f68d-046b7a2e11ea,Sherilyn598 O'Keefe54,1977-12-20,F,Boston,MN,PLAN_PLATINUM
87bd827a-41ca-256f-6e86-2d5e9623f805,Marlen929 Batz141,2007-10-21,F,Boston,MN,PLAN_PLATINUM
a9a2c4dd-a0c9-97d4-8983-c4dbe2a76ca2,Cesar434 Strosin214,1951-10-06,M,Dighton,GA,PLAN_SILVER
82e25b95-7bfc-a54f-f242-1e7156c27d74,Marlen929 Kulas532,1973-01-05,F,Chelmsford,IL,PLAN_PLATINUM
fbee8d6b-5acf-370c-7edd-af0d84f5288c,Synthia172 Davis923,2000-10-10,F,Revere,MA,PLAN_GOLD
86dbfa87-dc1c-e529-f39b-4910e4deb3fb,Katlyn29 Hyatt152,1965-11-08,F,Boston,CO,PLAN_GOLD
873049ed-d86d-74b2-84c4-cbc49b4384d0,Lean294 Barrows492,1993-03-21,F,Brockton,GA,PLAN_BRONZE
65d5c7e2-c5b3-6f0d-9ca3-17b8bca2db28,Donnell534 Kshlerin58,1975-09-16,M,Northwest Harwich,AZ,PLAN_GOLD
fc8e4748-86f4-1d49-af95-4c7e48678ca7,Jeffery551 Brakus656,1961-07-21,M,West Dennis,GA,PLAN_PLATINUM
c99968ac-6782-9ae2-aab2-98277ae5a8e8,Kayleen757 Spencer878,1977-10-13,F,Framingham,IL,PLAN_BRONZE
0f444cf3-eb58-6f42-c740-a6ab70cec7ee,Genny123 Rath779,1955-02-23,F,Billerica,IL,PLAN_GOLD
ef5697a6-2bd3-d1c3-67ea-0f7892f4e76f,Dorotea472 Botello137,1986-07-19,F,Worcester,NC,PLAN_SILVER
d00d8a67-a23f-6fda-d97d-2a6391685500,Andera917 Lindgren255,2015-02-11,F,Westford,PA,PLAN_GOLD
4e64cd82-c0b5-2005-2690-240374ca045c,Numbers230 McClure239,1952-10-09,F,Somerset,FL,PLAN_BRONZE
9c3df38a-d3b7-2198-3898-51f9153d023d,Edythe31 Morar593,1974-06-18,F,Watertown,AZ,PLAN_BRONZE
b5e092a6-8d10-a0b4-4cf5-66aee144f7ed,Sterling124 Mitchell808,2011-10-01,M,Rockland,FL,PLAN_PLATINUM
49e94ea9-a534-15f8-fd74-3c739f2c0eb2,Gillian484 Langworth352,2005-09-29,F,Lawrence,WI,PLAN_SILVER
e4a67e2a-4d8d-70e7-b0fb-83480abf443c,Angelo118 Conroy74,1985-11-06,F,Attleboro,OH,PLAN_BRONZE
15d242fa-2a82-6921-b247-552b60cfcd4e,Nelson403 Jast432,1953-05-05,M,Peabody,NY,PLAN_BRONZE
c98f8278-af04-a31b-ebee-65d34ae0466f,Rodrigo242 Thompson596,1984-12-24,M,Westfield,WI,PLAN_GOLD
c63b5472-3136-5428-0e24-662ff2b5cee5,Vania595 Mills423,1979-05-07,F,Worcester,IL,PLAN_PLATINUM
eac36a6d-a107-216a-9584-ee7837236627,Gary33 Hoppe518,2019-01-24,M,Shrewsbury,FL,PLAN_PLATINUM
ff9f14e4-d241-71fe-a501-2199e39aa79a,Andrew29 Wilkinson796,2003-07-26,M,Cambridge,NY,PLAN_SILVER
a7cfdf56-6a3f-ac5c-3a45-6f223312b36c,Olen518 O'Reilly797,1996-01-16,M,Worcester,IL,PLAN_GOLD
5b03f610-14e2-e72c-1eb0-3fdcebcbd38d,Bettina657 Nienow652,1937-03-16,F,Natick,TX,PLAN_GOLD
41deca00-d1c8-0478-3ff7-a074db2cf397,Joey457 Stoltenberg489,1958-06-17,M,Pepperell,OH,PLAN_PLATINUM
0ad457cc-32d8-20d1-7f13-d775f7172a0e,David908 Heidenreich818,1996-07-16,M,Attleboro,PA,PLAN_PLATINUM
d7bb0340-9894-8bd0-056a-29efc5444fa0,Heath320 King743,2000-05-04,M,Amherst Center,MA,PLAN_PLATINUM
39e6bf34-9ff7-f200-8cd8-7b44ef09b4ed,Teresita257 Little434,1995-11-23,F,Lynn,CO,PLAN_PLATINUM
d786f8d0-61de-9b30-54d3-9a8eb517da09,Inés791 Huerta329,1954-11-15,F,Westport,OH,PLAN_GOLD
21dde8d5-5497-8bf3-aa32-b79e998e9024,Kristen940 Gulgowski816,1965-07-18,F,Beverly,NC,PLAN_BRONZE
39b9fc41-87ce-92a5-5096-539739bb657c,Jenice416 O'Conner199,1954-08-28,F,Boston,CA,PLAN_PLATINUM
ec56f618-56ed-cf49-78fd-4d561bf7cba3,Shonta375 Veum823,1941-01-11,F,Boston,WI,PLAN_SILVER
7fea6a12-aae3-a4d5-4abf-d6b622deaeb1,Shelby741 Quigley282,1987-09-27,M,Boston,FL,PLAN_SILVER
396babc6-6b4f-e29b-40f7-ea119ee57ac4,Ralph813 Herzog843,1980-10-24,M,Ashland,CA,PLAN_SILVER
179d9711-5c0f-958e-4466-2295daac7451,Rosendo998 Padberg411,1975-12-24,M,Milford,AZ,PLAN_SILVER
70231807-0c38-db06-806e-a73e94bcd591,Susie661 Tromp100,1937-03-16,F,Natick,AZ,PLAN_PLATINUM
a25e9984-9c96-bcd4-07f9-9f763e077366,Kimbra238 Bogan287,1983-05-03,F,Holliston,MA,PLAN_PLATINUM
28db1c55-fe99-d5c8-8fc4-bffda09ab3be,Sana377 Wolff180,1977-09-15,F,Brockton,CO,PLAN_PLATINUM
f1b34fb1-f5e8-f45d-109d-99258979e7c6,Son314 Lehner980,1973-09-22,M,Needham,NC,PLAN_PLATINUM
6895f047-ab31-c293-b335-374256e01eb1,Alicia629 Jakubowski832,2020-02-14,F,Leominster,WA,PLAN_PLATINUM
c8ff4993-f646-91ea-f261-c8622dd1500a,Darcey370 Walker122,1978-11-19,F,Brookline,PA,PLAN_PLATINUM
1d238968-2939-1734-5e6e-650d3e16454c,Mason910 Hettinger594,1975-12-24,M,Milford,OH,PLAN_BRONZE
f3d95ff6-eeeb-a007-cde5-e69cfeee826f,Lanie389 Zemlak964,1993-02-21,F,Boston,TX,PLAN_SILVER
426cade9-82be-f335-7340-c4413e4bdd6a,Erich201 Gulgowski816,2008-04-26,M,Great Barrington,GA,PLAN_PLATINUM
3a4e4953-19cb-5a92-d896-cfeaa03f5ba8,Sudie246 Rowe323,2004-07-18,F,Concord,IL,PLAN_BRONZE
2c6287fd-399c-c0ca-1041-38564cb611ab,Shavonne800 Barton704,2009-04-27,F,Topsfield,WA,PLAN_PLATINUM
752a3c69-44d7-d6af-0340-7d3e748f6060,Oralia106 Williamson769,2000-08-10,F,Fall River,IL,PLAN_BRONZE
2af5741b-913e-7915-e51c-890dd5c261fa,Janna498 Shanahan202,1963-06-04,F,Concord,FL,PLAN_GOLD
563187cb-7236-8b85-e6bc-79f35538910d,Argelia29 Will178,1968-09-11,F,Boston,MA,PLAN_BRONZE
162135b4-931d-a531-c2ad-047b0c24abe8,Genna99 Stehr398,2006-03-14,F,Dartmouth,CO,PLAN_PLATINUM
bf0ad07a-462c-e0c9-bc3c-c40645afc6f9,Clay913 Gleason633,1960-08-25,M,Salem,MA,PLAN_SILVER
aa01ba4c-e0ac-805a-f1cb-9b38dc431f4f,Lizette501 Nikolaus26,1963-07-26,F,Southborough,FL,PLAN_BRONZE
965ecf4b-40d6-02e3-fe08-acd9eafc68fe,Arthur650 Mante251,1948-08-17,M,Charlton,MA,PLAN_SILVER
f665d685-1e8b-dc83-a1e4-7ca3f26d5a8c,Palma671 Mann644,1971-06-27,F,Waltham,CO,PLAN_GOLD
fbc55f1a-9438-99af-595e-8a4196b6684b,Bee658 Jacobi462,1993-04-27,F,Somerset,NC,PLAN_GOLD
7fc4f0ed-3671-9ba3-43ba-f7e8da8ca108,Cher186 Becker968,2005-01-12,F,Springfield,GA,PLAN_PLATINUM
60e27639-436c-6c04-1ff6-9790df8552f8,Lashandra868 Ankunding277,1959-09-26,F,Belmont,OH,PLAN_PLATINUM
659bd07d-dffb-9aa2-6a0d-7c52e41e46eb,Michele387 Murphy561,1949-01-31,F,Arlington,WA,PLAN_SILVER
22e14c09-32f4-0b73-36e3-b38c967afd1b,Jerica256 Glover433,1945-10-23,F,Lowell,AZ,PLAN_BRONZE
a19e5a5b-084c-13c5-fcd6-c5fb27e80b14,Demetra94 Jaskolski867,2017-02-07,F,Boston,IL,PLAN_GOLD
d1ac7006-362b-cc1d-d516-f11d65055473,Nita296 McLaughlin530,1932-09-18,F,Wellesley,WA,PLAN_GOLD
2e555528-3530-497a-222a-7a3bbb35d938,Bob965 Waelchi213,1948-08-17,M,Charlton,WA,PLAN_SILVER
7049fd33-ca55-6cfd-3dd9-dfcea6228600,Parker433 Davis923,1979-01-18,M,Swampscott,NY,PLAN_SILVER
3dfce025-b696-711a-8c2d-6903736e2882,Henry768 Gottlieb798,1962-10-04,F,Scituate,MA,PLAN_PLATINUM
d02b2ca5-7e63-1c3d-505f-3a7218bac46d,Krystyna791 VonRueden376,1960-05-29,F,Lowell,GA,PLAN_BRONZE
05877654-69c4-d607-400e-e162ea103642,Yuonne878 Dooley940,1994-02-06,F,Bedford,FL,PLAN_SILVER
f75b4628-3ea9-4f6c-b3a6-e7ff678f58cf,Joseph689 Stiedemann542,1981-03-08,F,Upton,IL,PLAN_PLATINUM
859e5c6f-f1db-308d-0e33-57d392c1bf04,Augustine565 Gorczany269,2009-09-19,M,Springfield,WA,PLAN_PLATINUM
ad95e4f9-ac42-a37b-9844-01a21e8fd5db,Rachell479 Lesch175,2006-04-19,F,Saugus,NY,PLAN_PLATINUM
f0aa92fa-13d6-6e8c-cc01-9986ce990b5e,Jamie386 Luettgen772,1967-04-25,M,Canton,PA,PLAN_GOLD
67c6597f-c239-a595-beac-b2941e7b54ff,Levi940 Ratke343,1964-08-20,M,Pepperell,TX,PLAN_BRONZE
6eca45da-1034-4775-72fd-fa3012b4ca45,Charlott617 Ryan260,2011-09-13,F,Boston,NC,PLAN_GOLD
ce54be47-1a8f-e1eb-9b4d-ca61378d9f41,Trinh357 Sanford861,1924-12-04,F,Danvers,WI,PLAN_GOLD
730963e3-8472-75ab-fc64-5be33cdcc125,Teresa94 Estévez304,1974-01-16,F,Bellingham,FL,PLAN_BRONZE
4727c1ea-a23f-270d-f38f-e03857029aee,Tristan353 Zulauf375,1994-05-26,M,Walpole,NC,PLAN_GOLD
ef167059-cef0-12c4-49db-993ca3a20c01,Rozella39 Mertz280,1928-11-13,F,Burlington,TX,PLAN_SILVER
e92e2c9d-d257-4f3c-73aa-a6ee61ec8db1,Pablo44 Schulist381,1981-12-31,M,Dennis,GA,PLAN_PLATINUM
c0c41fd4-6b03-a08f-ca14-94e353230678,Jennie425 Jerde200,1958-09-15,F,Springfield,MN,PLAN_BRONZE
988ba5c5-bb2c-1453-cfe7-16ea41c47b42,Eleanora667 Hyatt152,1980-03-25,F,Acushnet,NY,PLAN_SILVER
f6542a20-3b0a-addd-d3a2-6a621f67970f,Virgil85 Farrell962,1975-11-24,M,Charlton,MN,PLAN_BRONZE
6f4a8d14-cba0-49d8-10c1-6669dff22f2f,Robin66 Reilly981,1989-12-02,F,Mashpee,CA,PLAN_SILVER
1f629a95-5a68-0aec-b3ce-32d2beee7da9,Robin66 Reichel38,1938-09-30,M,Bourne,TX,PLAN_PLATINUM
962a8fe2-592a-c99a-66d0-54d77146d6d8,Gerda633 Lind531,1965-03-25,F,Boston,MA,PLAN_BRONZE
a06bce31-d0dc-f345-df41-777fb453afaf,Fernando603 Klein929,1935-03-23,M,Middleborough Center,IL,PLAN_BRONZE
319372b8-27b1-b827-5c89-ac991fc17407,Booker670 Brown30,1959-11-27,M,Boston,FL,PLAN_BRONZE
30db29cb-a1c0-272e-bfed-ce88ebc23b2d,Barbara209 Acevedo301,1965-09-12,F,Southborough,MN,PLAN_PLATINUM
d321aaa9-5b61-14ae-832b-46b4b50fd88e,Lynetta635 Hahn503,1960-04-08,F,Quincy,CA,PLAN_GOLD
4ca722b8-631c-fc54-1145-8d2c4d66809f,Dona966 Purdy2,1965-03-25,F,Boston,GA,PLAN_PLATINUM
3ce79121-6f1a-8d00-726d-bc0af611d017,Randal152 Robel940,1972-07-15,M,Millbury,MA,PLAN_PLATINUM
19162199-ffeb-d890-6d5e-ed7afe08f1c0,Mateo562 Cardenas331,2011-03-12,M,Bellingham,CA,PLAN_PLATINUM
48fe9d25-b0b2-df56-3756-90843b3044a9,Bibi254 Stoltenberg489,2005-09-17,F,Westborough,FL,PLAN_SILVER
9d92805b-c25a-c7ad-60ca-80c93ffb80b1,Frances376 Smitham825,1938-09-30,M,Bourne,CA,PLAN_GOLD
4688bc6a-6bd0-4a88-a590-9a11677082c9,Kyra237 Pagac496,1985-08-06,F,Canton,IL,PLAN_GOLD
bb4116b4-db28-ec8f-cce5-6ec08b2ea0a0,Son314 Rodriguez71,1981-10-06,M,Danvers,CA,PLAN_GOLD
0ae08855-8e6c-5308-3ab5-da0080b36425,Josefina523 Deckow585,1986-06-14,F,Lowell,TX,PLAN_BRONZE
79b1d90a-0eaf-be78-9bbf-91c638626012,Milagros256 Hills818,1928-11-13,F,Burlington,CO,PLAN_SILVER
02b1604a-1bad-bc6f-5b72-d219ecd8f7f4,Tanner110 Hoeger474,1960-06-24,M,Lynn,WA,PLAN_SILVER
4ba15182-a126-7f01-a46e-1901c5c5ceae,Louis204 Senger904,2005-09-27,M,Woburn,WA,PLAN_GOLD
ba9773bf-d2ba-899b-a68c-4ef986c1325e,Birgit199 Maggio310,1966-12-25,F,Swansea,CA,PLAN_GOLD
3f6c7ea3-e73b-025e-06ab-e452943effad,Olivia294 Lovato727,2006-07-15,F,Worcester,NY,PLAN_BRONZE
72f91cc7-fb63-84e8-32ff-86456bfa446e,Kim439 Barton704,1942-06-07,M,Wales,PA,PLAN_SILVER
cc8bea42-053f-f26d-9790-c9c648361790,Roseanna881 Fisher429,1967-10-06,F,Holyoke,OH,PLAN_GOLD
7cfbccad-2a81-400a-4858-1d2f4b680960,Nathan164 Stroman228,1994-09-17,M,Williamsburg,CA,PLAN_BRONZE
b91dc3fd-3ed0-eb50-9376-e9bd9ab26940,Lenard338 Carroll471,1964-05-04,M,Attleboro,AZ,PLAN_SILVER
4b10c406-d391-31dc-cefd-5812b6832cf9,Beth967 Osinski784,1952-02-07,F,Merrimac,GA,PLAN_GOLD
83a86980-de17-1b13-d31a-78f2376649af,Stephan15 Krajcik437,2001-08-31,M,Amherst,MA,PLAN_SILVER
2c098b38-279d-88b3-d553-e87b56eb1b04,Marcela739 Almonte426,1995-01-26,F,Chelsea,GA,PLAN_PLATINUM
da97668c-bf70-6c4d-3157-24aae70ed237,Talisha682 Parisian75,1928-11-13,F,Burlington,FL,PLAN_GOLD
0dcad249-f39f-b137-eee3-8dd59a7ede1c,Dwayne786 Fisher429,2001-04-19,M,Cambridge,GA,PLAN_GOLD
f8cbe1ed-be00-21ac-5705-080cb286f964,Anna632 Davis923,1993-08-13,F,Brookline,OH,PLAN_BRONZE
454bbec4-42bc-bd2c-fe3a-f8f4fc4346e9,Kizzy275 Daniel959,2001-09-17,F,Whitman,WI,PLAN_PLATINUM
6f0b58f9-cb95-1fb3-5fef-cd914f9b4de3,Devon268 Bernhard322,1980-11-15,F,Methuen,CA,PLAN_SILVER
0cb8b8f9-fc42-2841-9578-dbff50c6c86e,Reyes140 White193,2001-04-19,M,Cambridge,FL,PLAN_PLATINUM
c893e2b1-4238-52b6-e8e1-1ed709e42ce3,Darron84 Rowe323,1940-12-31,M,Northborough,NC,PLAN_PLATINUM
dba87de8-9e28-0140-47c4-9419277178f0,Tomiko229 Ratke343,1960-08-10,F,Brockton,NC,PLAN_PLATINUM
03e502b6-b810-06c1-7d65-83db077ed3ee,Katharyn928 Toy286,1967-10-06,F,Holyoke,CO,PLAN_PLATINUM
bf079bf2-4d65-f4a6-0f7b-f02801b57177,Shana231 Ziemann98,2003-09-09,F,Newton,WA,PLAN_GOLD
c329ae00-976d-4165-1e89-7e1f9e46ef43,Morris740 Ruecker817,1981-12-23,M,Watertown,AZ,PLAN_GOLD
e61fe1f4-3daa-bbeb-649a-fdae0eeee227,Hilario934 Stroman228,2013-07-16,M,Rockport,NC,PLAN_SILVER
94c64aed-cca1-dc80-c180-5ba446c00df4,Jerica256 Pfeffer420,1990-10-12,F,Milton,TX,PLAN_BRONZE
01d78eb5-7f50-45e9-f524-921196a3dffe,Siu135 Konopelski743,2000-12-13,F,Chelsea,OH,PLAN_SILVER
05801c88-9f2e-536e-9068-4b7b4431d072,Shanda945 Cremin516,1994-01-17,F,Walpole,TX,PLAN_PLATINUM
32f516f7-b223-278c-d0de-5c0b9d70654c,Randell912 Reinger292,1986-02-05,M,Belmont,AZ,PLAN_PLATINUM
f541e07d-a9c8-3631-5050-a25b2bd2c76e,Argelia29 Zulauf375,1962-04-23,F,Raynham,FL,PLAN_PLATINUM
30813a62-aa9f-3c7c-cc52-6c3957a3c1b1,January966 Ledner144,1928-11-13,F,Burlington,CO,PLAN_GOLD
ad134528-56a5-35fd-c37f-466ff119c625,Allen322 Ferry570,1940-12-31,M,Northborough,CA,PLAN_SILVER
0b43ab26-950f-0680-3c41-f0db599d643d,Shaun461 Franecki195,1987-10-01,M,Medford,CA,PLAN_BRONZE
60b0873c-9665-b3f0-61f4-d09ae9667a27,Nedra260 Dooley940,1947-08-16,F,Malden,AZ,PLAN_PLATINUM
eb7cffc3-28d2-e8b0-72bc-8e86860ed313,Shonna561 Cassin499,1962-04-23,F,Raynham,WI,PLAN_GOLD
40ef2428-c142-6e65-8e0e-0ee4098dda28,Meghan514 Jacobson885,1974-09-19,F,Somerville,WA,PLAN_GOLD
8a69ae35-07ad-e093-0162-ad02d8e1e070,Dorsey40 Klein929,2000-05-05,M,Duxbury,FL,PLAN_PLATINUM
18022a84-1fd7-ba38-3567-efbc6a50e9d4,Narcisa997 Torphy630,1967-05-11,F,Dedham,PA,PLAN_PLATINUM
70da0834-3ef3-7dfe-ad2a-8a00b5f87749,Reynalda736 Metz686,2000-04-28,F,Stoughton,FL,PLAN_BRONZE
73e6ab94-00b7-e78c-0f7c-a482ebf6a6f3,Gus973 Roob72,1964-05-09,M,Norfolk,WI,PLAN_GOLD
1ab85caa-724e-d796-8d77-bcaf4a295826,Casey401 Jacobi462,1979-07-02,F,Springfield,MA,PLAN_GOLD
88d520e7-276e-65c7-1b5b-354aa27f2358,Stevie682 Wolff180,2003-08-06,M,Lakeville,WI,PLAN_BRONZE
3d5f91c2-0539-37c9-0691-d2bbe28c78e3,Lashonda618 Klein929,2002-03-01,F,Bourne,IL,PLAN_GOLD
a0d22ce4-8c1f-1168-5a83-aff4f79f4a1f,Merlin721 Hane680,1989-01-07,M,Cambridge,MA,PLAN_PLATINUM
7e2e283e-fef9-4061-4fa7-cf68be4a6dbf,Latesha830 Breitenberg711,2017-03-25,F,Medford,IL,PLAN_PLATINUM
25d06c17-e5a4-02b2-a18f-67886970cefa,Illa976 Kuphal363,1969-02-02,F,Boston,GA,PLAN_BRONZE
065e8a3d-b782-c088-2a17-6498d7d190bc,Ezequiel972 Gulgowski816,1996-11-01,M,Braintree,TX,PLAN_PLATINUM
35514332-8f8e-fc6c-6dc4-850fc975f574,Benjamin360 Pfeffer420,1969-05-20,M,Boston,MA,PLAN_GOLD
b75fc5f1-10f0-5103-82f3-e7957a48132a,Lora418 Kilback373,1962-04-23,F,Raynham,FL,PLAN_PLATINUM
df9b9e5b-c894-1879-c153-3e9df381f15b,Karma832 Klocko335,1981-01-10,F,Clinton,CO,PLAN_PLATINUM
140c88b4-afb8-dca3-92e5-3e688aa19800,Terri848 Grimes165,2018-05-20,F,Uxbridge,CO,PLAN_BRONZE
7ec518e6-787e-cc8a-28f2-6da51fe584b8,Scott935 Jakubowski832,1926-07-19,M,Wakefield,NC,PLAN_GOLD
2783a318-7e6d-e3a7-fce7-2a70e66c6ba9,Yevette778 Tillman293,2006-01-27,F,Swansea,GA,PLAN_GOLD
153c68e6-08e5-a751-1f6b-4439d279681d,Brain142 Wuckert783,1951-11-27,M,Dennis,MA,PLAN_SILVER
918e387f-cb9a-ec9f-ab54-65467a4df548,Frederick289 Conroy74,1995-04-12,M,Boston,PA,PLAN_BRONZE
f4018f25-2220-b846-1dea-5d0818e0baea,Vennie613 Hermiston71,1971-04-29,F,Lowell,CA,PLAN_BRONZE
1fe3dce8-51b2-98ed-751e-dd8f64a48fb7,Martin117 Raynor401,1976-04-15,M,Melrose,IL,PLAN_SILVER
79823958-40ce-9882-a2da-9ff37be49b19,Dorathy429 Wunsch504,1969-07-01,F,Westfield,IL,PLAN_BRONZE
177971b9-2284-1459-06de-165414d9de11,Russell422 Robel940,1989-10-12,F,North Adams,CA,PLAN_BRONZE
57e403fc-885a-3b44-804e-a034ca08413c,Marc757 Rutherford999,1969-05-20,M,Boston,CA,PLAN_GOLD
146f9020-c423-72ce-7c96-12e60f3f5910,Darin74 Williamson769,2009-04-26,M,Taunton,MN,PLAN_SILVER
767e1d64-d100-a9ec-fe05-073c6857ffa8,Kylee806 Rempel203,1965-04-10,F,Revere,WI,PLAN_SILVER
355a3cad-a055-c14b-117e-47accfc708ca,Carole948 Konopelski743,1991-01-12,F,Cambridge,PA,PLAN_SILVER
e841df97-29d6-fe22-3ebc-a837d092b339,Zandra428 Kerluke267,1971-04-29,F,Lowell,CA,PLAN_GOLD
7683e3a1-996d-1f2a-8bca-a463ad969cc1,Luanna919 Schuppe920,1958-04-04,F,Carver,NC,PLAN_BRONZE
e65573ba-e39e-bac4-2e49-2d3cf9a538b8,Elza246 Johnson679,1965-06-03,F,Braintree,WI,PLAN_BRONZE
a8c08d9f-a2ae-46c6-0371-f596ed13d1cf,Parker433 Hauck852,1926-07-19,M,Wakefield,MN,PLAN_SILVER
58a3b04c-07b8-fd55-b008-316dbd1fe190,Carman694 Wyman904,1984-06-09,F,Bedford,PA,PLAN_BRONZE
03b291e7-6d3f-d687-eac7-cb46455f34e3,Rudolf736 Reilly981,1938-05-16,M,Westwood,MA,PLAN_SILVER
1f06f787-61cd-dd2d-a6b2-347507100f10,Noel608 Quigley282,1974-07-07,M,Mansfield Center,MN,PLAN_PLATINUM
80591a09-43a2-3933-605e-d14dd364f2c5,Ciara810 Effertz744,1996-09-05,F,Boston,WA,PLAN_PLATINUM
811c2d6c-eef7-0134-6f19-d4aea9606922,Floyd420 Kunze215,1980-04-08,M,Dover,NY,PLAN_GOLD
75bae569-fca6-6a70-00fe-2910d51ddd65,Jewell855 Schmidt332,1988-01-30,M,Somerville,NY,PLAN_BRONZE
34f26c54-34b6-ad2b-db7c-5ff818b0456c,Darrel772 O'Reilly797,1991-02-11,M,Brookline,AZ,PLAN_PLATINUM
7014a3c8-c168-7809-d981-f7f4cc181442,Noriko180 Mayert710,1966-05-22,F,Wenham,NC,PLAN_BRONZE
c03807d7-0b42-0490-23f0-8caeb7c38e74,Marion502 Ondricka197,1926-07-19,M,Wakefield,NY,PLAN_PLATINUM
b67cb13c-7ae0-70a5-c1f8-9bf1af3e2ec2,Myrna889 Schroeder447,1968-12-20,F,Huntington,MN,PLAN_BRONZE
ed803173-5e55-aecd-5055-591164ee3005,Octavio643 Solano766,1955-12-26,M,Quincy,WI,PLAN_SILVER
5e4a0309-e8c1-c58c-bb7f-208dbe06cb13,Leland44 Runolfsdottir785,1942-05-21,M,Northbridge,MA,PLAN_BRONZE
4c7bbf23-68f4-86e8-c61e-1a1b1e81c4ea,Ike571 Harvey63,1950-10-06,M,Braintree,NC,PLAN_BRONZE
ce6fbb19-19f4-b597-7df8-8bb192f78da8,Hulda44 Reichel38,1956-09-23,F,Southbridge,MA,PLAN_PLATINUM
3a364909-94ec-e0c4-0156-8a2e15fa354e,German382 Trantow673,1961-08-10,M,Leominster,IL,PLAN_GOLD
475803f3-ae29-ba8d-bdd1-25145a94eaee,Cleveland582 Dach178,1977-12-05,M,Stoughton,NC,PLAN_BRONZE
6f35c499-7420-2122-d3b4-ea13cc57669d,Henriette328 Flatley871,1972-10-08,F,Whitinsville,FL,PLAN_BRONZE
96a91c58-1099-af08-0aee-3d924cd5c7e8,Kristi306 Anderson154,1983-06-03,F,Holyoke,WA,PLAN_BRONZE
7f571b07-f9a5-da74-3547-5f83bedcc5b7,José Emilio366 Cadena322,1955-12-26,M,Quincy,AZ,PLAN_GOLD
0e78dfee-9af0-046c-39bb-33fdcb910976,Carol737 Lesch175,1964-04-23,M,Bourne,NY,PLAN_PLATINUM
5ec53533-38d5-fd93-159b-7389ffd95940,Jewel43 McClure239,1926-07-19,M,Wakefield,IL,PLAN_SILVER
03bb882e-730f-0d96-cd3d-3caee932fef6,Regenia619 Gibson10,1956-12-30,F,Salisbury,NY,PLAN_BRONZE
9cbf47d8-b59a-ef34-c330-77accc084c17,Santina680 Kub800,1934-09-09,F,Brockton,GA,PLAN_BRONZE
f2308839-f572-e86e-8f29-cb0fd61e0f57,Ozella681 Ortiz186,2013-08-21,F,Sharon,CA,PLAN_BRONZE
3ec37e85-5d7f-2ace-82cf-352d99ccdb8a,Rodney21 Kohler843,1964-12-06,M,Cambridge,OH,PLAN_SILVER
6d715e84-4c7a-e4a9-e8ce-6065e2607107,Shonta375 Dickinson688,1999-03-12,F,Newton,TX,PLAN_GOLD
56cfe6a5-4835-d925-fd7a-84faf11306f0,Matthew562 O'Connell601,1969-12-27,M,Norton,NC,PLAN_PLATINUM
c2786fee-2b45-56cd-f36c-96ad2ce9ab01,Bernard308 Walsh511,1951-11-01,M,Everett,PA,PLAN_PLATINUM
9a89902c-ba23-e035-51fc-1dd6285e6309,Trisha327 Murray856,1976-08-02,F,Weymouth,NY,PLAN_BRONZE
3a240793-dc26-8138-00da-bdff02591677,Voncile324 Schultz619,1950-09-22,F,Malden,OH,PLAN_BRONZE
d29560ea-5e1b-99a1-1beb-e8dd19b67468,Sherwood961 Glover433,1961-10-25,M,Dedham,AZ,PLAN_GOLD
c8448d6d-50cc-98e8-ceb0-7f7babf8c8c3,Luciano237 Bode78,1970-01-14,M,Fairhaven,OH,PLAN_GOLD
8daa23b6-137c-abd3-58c8-da0f70b98143,Elenora790 Buckridge80,2015-03-31,F,Plymouth,NY,PLAN_SILVER
1293efbb-72dc-8b15-3bd6-916f96ed54f4,Chauncey770 Jones311,1959-10-18,M,Franklin,IL,PLAN_PLATINUM
b84e121c-8ce7-a6e9-9c45-f6867bcb757d,Darrell400 Pollich983,1988-01-31,M,Cambridge,MA,PLAN_PLATINUM
1376b3c5-6250-0dcb-0a6d-d9c595a1e167,Keneth579 Kozey370,1987-05-29,M,Westfield,NY,PLAN_BRONZE
eb2f8ba1-fd23-fdbb-dbe3-484a3d58244e,Claude750 Nikolaus26,1913-06-22,F,Chesterfield,IL,PLAN_BRONZE
b8c195d4-0396-fb84-3aa2-57dd23ff5a23,Alexander630 Kovacek682,1977-12-09,M,Franklin,TX,PLAN_SILVER
55c5b8d3-99d0-58ad-8444-e42bb81bd5c7,Jospeh459 Gerhold939,1941-12-04,M,Fall River,IL,PLAN_BRONZE
7a929240-2387-1d5c-664b-d643ee18bb39,Felicitas300 Kovacek682,1993-11-20,F,Gloucester,NC,PLAN_GOLD
01f8bbfd-cfc6-3b97-8bc1-8da6f0b4a9a8,Eustolia154 Barton704,2011-01-15,F,Somerville,PA,PLAN_BRONZE
92895f1d-3f61-fc09-a300-e3e533a25592,Bea654 Rice937,1974-06-05,F,Bridgewater,WI,PLAN_SILVER
418c6a4c-1615-cba9-80b3-ac2901f4c07f,Laurine214 Cronin387,1950-09-18,F,Foxborough,TX,PLAN_SILVER
a57215c7-228c-a1f3-ac96-c5fbe7f3e3f6,Duncan491 Dooley940,1914-12-20,M,Boston,CO,PLAN_SILVER
792a51c0-a2a4-ee26-c23c-7cb24f8a0e35,Pasquale620 Kuhn96,1969-05-05,M,Dracut,WI,PLAN_BRONZE
c518abbe-9695-1b3a-3173-305ff9bb6150,Lesa839 Price929,1965-08-29,F,Winchendon,TX,PLAN_PLATINUM
d31bde96-deb4-7a7b-7a10-8a06cd0c3472,Reyes140 Witting912,1999-04-05,M,Hudson,OH,PLAN_GOLD
70c444f6-2f20-e9c3-0c1c-13fab72f9a4a,Marilu588 Upton904,1957-07-10,F,West Springfield,CA,PLAN_PLATINUM
219ddc63-11fe-e940-aa69-0e1bdd131e08,Allyson474 Gibson10,1994-08-02,F,Attleboro,AZ,PLAN_BRONZE
72b71d33-b242-8f86-7ce0-198b3dfd3bf1,Thresa531 Mante251,1948-06-28,F,Brockton,MN,PLAN_SILVER
37af95e9-a06b-5048-30fb-28d9ac6a908d,Shelby741 Schroeder447,1914-12-20,M,Boston,CO,PLAN_SILVER
f99e1c5e-40c9-aa06-3e00-f2d944dc3ae0,Geri861 Padberg411,1944-11-18,F,South Deerfield,WI,PLAN_BRONZE
aa2f41c3-412f-6635-26df-de6f46013766,Chanel977 Emmerich580,1966-06-22,F,Weymouth,TX,PLAN_GOLD
402e86ae-4bab-2990-e3e5-af591cb87f6e,Carrol931 Bogisich202,1981-03-10,M,Northampton,PA,PLAN_SILVER
84fee56a-9ef7-8cff-e7d3-526ece562d87,Dewitt635 Bernier607,1953-09-21,M,Somerville,OH,PLAN_SILVER
bde529cd-a87e-f646-6b7d-d0370a097d70,Lance203 Daugherty69,2012-04-30,M,Attleboro,WI,PLAN_PLATINUM
9d403f74-9f2a-894d-468b-268f08189ab4,Kizzie166 Hickle134,1996-04-16,F,Lawrence,FL,PLAN_SILVER
5cd20da5-2f01-b94a-07fb-173648c58460,Sammie902 Mosciski958,1944-08-19,F,Plymouth,OH,PLAN_BRONZE
0bbf4179-5526-b01d-b1b3-11a0f9742e3a,Lazaro919 Greenfelder433,1981-07-05,M,Quincy,WA,PLAN_BRONZE
863410e4-cd33-2f03-47b6-01fa2bc39753,Renee555 Hilll811,2002-05-31,F,Springfield,MN,PLAN_PLATINUM
38f38890-b80f-6542-51d4-882c7b37b0bf,Napoleon578 Fay398,1941-01-11,M,Waltham,TX,PLAN_GOLD
f4e9db02-4f07-2d07-f7f3-fc01c45454d1,Dara636 Hills818,1960-03-31,F,New Bedford,MA,PLAN_PLATINUM
86b4e80a-13f8-e14b-cf3f-9000cc0e96b5,Scottie437 Fritsch593,1979-06-23,M,Carver,OH,PLAN_GOLD
9188198b-4f9b-8648-3609-37465be0a144,Melodi744 Hessel84,1972-08-07,F,Holyoke,PA,PLAN_BRONZE
ccfc4db2-2026-7adb-3db0-33f3828140bb,Abe604 Schmidt332,1976-06-06,M,Peabody,CO,PLAN_GOLD
5b0609a7-49e8-65b4-dc32-9edc8301c646,Olimpia983 Rolfson709,1989-09-05,F,Chelmsford,NC,PLAN_SILVER
7673112e-f252-3c46-a7e7-ac1e1fe3fa45,Roosevelt595 Turner526,1994-08-29,M,Boston,WI,PLAN_GOLD
407ef75b-0a9c-ec23-60e5-c90ba86e27af,Brice635 Stark857,1952-10-28,M,Greenfield,WI,PLAN_SILVER
d362f4e5-244f-cf80-f2d5-25bcd2c97785,Lorinda137 Rosenbaum794,1974-08-09,F,Natick,WI,PLAN_GOLD
c90a6e66-0199-98db-346c-c8efb2ba8ccf,Jerrell6 Fahey393,1987-08-25,M,Boston,NC,PLAN_PLATINUM
9bbc77f6-c1e1-0c48-c64e-eb5958f15faf,Sheron583 Leffler128,2012-02-16,F,Douglas,WI,PLAN_GOLD
0a168e32-7b62-8597-0e11-296871bb764f,Bryon392 Howell947,1998-12-09,M,Chicopee,AZ,PLAN_GOLD
459f6a66-b392-60b2-5164-cf29d3be444e,Earle679 Balistreri607,1985-11-30,M,Hudson,MN,PLAN_GOLD
9719bcc0-984c-66b7-263c-c4621e9c2fd2,Gene733 McKenzie376,1914-12-20,M,Boston,WA,PLAN_SILVER
c49a00b1-cead-b093-f02c-be9b7789c584,Ernesto186 Pacocha935,2012-02-16,M,Gloucester,NC,PLAN_SILVER
90a958eb-68a4-aa61-85e0-e9f20b083d94,Calvin845 Schiller186,1964-09-28,M,Methuen,PA,PLAN_PLATINUM
fabb7ac2-1c62-3293-f43c-e35fb903c1c7,Nicholas495 Muller251,1988-08-29,M,Westwood,NY,PLAN_PLATINUM
fc8dfe9b-047b-4457-610f-75aff8e51692,Colin861 Barrows492,1999-09-07,M,Leverett,CO,PLAN_GOLD
203e71e8-7254-6d5c-64a4-37258364dd41,Winston220 Stamm704,1965-08-26,M,Swansea,MN,PLAN_GOLD
81fbeaeb-d95a-1d34-e260-291f23fec526,Eva64 Soria950,2011-01-02,F,Boston,OH,PLAN_GOLD
07a1f80c-f4e2-8e91-5913-270fc6afa25d,Kenton313 Lowe577,1956-09-24,M,Marlborough,PA,PLAN_BRONZE
e4c2980e-ffa5-4570-988e-3eb8e108aad3,Ethan766 Smitham825,1960-01-30,M,Chicopee,PA,PLAN_BRONZE
45e16cee-56b9-4619-d136-dbba2af81729,Dann525 Wisoky380,1944-09-12,F,Boston,WI,PLAN_GOLD
81057ca9-6e9d-25d6-cec3-7f743dff8ffd,Kassie598 Pfannerstill264,1967-01-28,F,Marlborough,TX,PLAN_PLATINUM
29b21635-3f05-3634-1941-4122fb2471ce,Marty115 Nader710,1987-09-21,M,Ludlow,WA,PLAN_SILVER
1e08cb3f-9e6a-b083-b6ee-0bb38f70ba50,Jamison785 Denesik803,1914-12-20,M,Boston,CA,PLAN_GOLD
1b1833e4-34bb-a261-98e9-407eeb59aca0,Mitzi535 Bergstrom287,1956-05-06,F,Marion,MA,PLAN_SILVER
ce1153cb-d4ad-77e2-cd07-575e249a83ad,Deidra675 Rosenbaum794,2006-10-18,F,Brockton,TX,PLAN_SILVER
fa2d28b1-de84-ac96-ee04-a20dc54832c1,Scarlet110 Gaylord332,1973-01-03,F,Natick,FL,PLAN_GOLD
eebbb6c9-87b3-9978-5eab-84edacbccc7c,Salvador46 Tromp100,1999-02-25,M,Acton,FL,PLAN_BRONZE
09faca51-f561-cdc3-e524-a1d682f19258,Brendan864 Grady603,1965-02-26,M,Lakeville,NC,PLAN_PLATINUM
dbf10a3b-473c-ab44-3882-8c7f48244567,Carlos172 Cruickshank494,1989-11-18,M,Boston,FL,PLAN_BRONZE
3f8f669e-a86e-7ed2-9cd3-af981a89dfa1,Shelba765 Dicki44,1948-04-11,F,Carlisle,WI,PLAN_PLATINUM
c6861ca8-bf6b-8912-57d6-68df88cbe481,Parker433 Hudson301,1995-05-13,M,Granby,MA,PLAN_BRONZE
0d281c81-6c94-4578-c69f-217929d12245,Roxy374 Reichert620,1975-08-05,F,Arlington,CA,PLAN_GOLD
d868e198-8ebe-2338-5691-4c1de3421c65,Leonardo412 Effertz744,1966-10-11,M,Haverhill,WA,PLAN_BRONZE
81aa7647-779f-fd6b-94cf-782e606efeb2,Aimee901 Hudson301,2014-12-29,F,Weston,OH,PLAN_GOLD
03777c32-ed98-50e2-f75d-cbcad532c610,Eloise59 Gerhold939,1968-03-26,F,Sudbury,CO,PLAN_BRONZE
9055bf8d-a995-d068-a3e0-666a002b5683,Manuela585 Villalpando154,2010-11-12,F,Holliston,FL,PLAN_PLATINUM
0b48bf9b-5582-1253-ab01-b34da54bad15,Ramona980 Cordero852,1973-11-15,F,Boston,MN,PLAN_BRONZE
1ea40a05-c295-8b66-66a2-fda3bc1ed13f,Brock407 Paucek755,1960-05-25,M,Lawrence,WA,PLAN_BRONZE
19362ed4-09cb-6096-9b73-1c4e434d1cfa,Brianna665 Smitham825,2008-08-24,F,Rochester,MN,PLAN_BRONZE
eb16b994-f2ca-beee-fce4-25286f1a0e89,Julieta402 Schmitt836,2006-04-08,F,Sutton,FL,PLAN_SILVER
b0a06ead-cc42-aa48-dad6-841d4aa679fa,Abdul218 Harris789,1952-12-05,M,Boston,AZ,PLAN_GOLD
fae0edab-0c3d-d1ed-5fbd-bb87125da5c4,Milagros256 Douglas31,2004-02-18,F,Boston,OH,PLAN_GOLD
e1245016-60e8-f2d1-728b-5f32bf4b387b,Thomasina264 Heidenreich818,1973-11-30,F,Boston,TX,PLAN_BRONZE
915aacda-a5d6-b157-5f8a-572c9ed4eb0f,Jonas187 Sporer811,1963-09-05,M,Boston,AZ,PLAN_PLATINUM
af7711e2-9168-bf9a-63de-9fe3e5bad22d,Oren284 Vandervort697,1996-01-06,M,Southbridge,MA,PLAN_BRONZE
83f922a9-3567-cb65-b57f-2da9cc05af15,Sofia418 Mesa630,1964-05-16,F,Beverly,NC,PLAN_SILVER
82493462-2eea-803b-7183-4e8b1b4ee8d9,Merrill415 Jones311,1938-10-20,M,Duxbury,IL,PLAN_GOLD
d57e867e-4896-9e07-f502-5f4f881bd80e,Ula130 Medhurst46,1961-05-09,F,Somerville,IL,PLAN_SILVER
443e574b-0480-6ad5-8add-e22f5e87a9bb,Dorian295 Will178,1952-12-05,M,Boston,MN,PLAN_GOLD
094c294d-4e4c-043d-4100-f59b08b45770,Ayanna800 Krajcik437,1991-03-11,F,Hudson,AZ,PLAN_GOLD
e23c7a6e-6ef2-3932-1361-b73b4c8a3961,Sung603 Weber641,1914-12-20,M,Boston,MN,PLAN_BRONZE
c5340af3-dde7-d403-78dd-bf20a03f0238,Margorie48 Stoltenberg489,2001-09-02,F,Granby,TX,PLAN_GOLD
4e65c7b6-abda-fcae-ffb1-31c700e03afd,Tiana543 Fay398,1970-06-22,F,Peabody,IL,PLAN_PLATINUM
6d2fc252-7270-aa59-e5e0-0c21432984ba,Allison818 Howell947,1949-08-12,F,East Dennis,PA,PLAN_BRONZE
b810c52d-5c90-ede3-65b0-cdcda01df8f4,Ashley34 McKenzie376,1995-11-11,F,Newbury,MN,PLAN_SILVER
9027ebcb-fab1-6cb7-60c1-1c9dd2b7b729,Ned189 Emmerich580,1968-01-26,M,Braintree,WA,PLAN_SILVER
297c1550-317d-aac0-b529-042721fed414,Chan58 Hartmann983,1994-11-23,F,Mattapoisett,TX,PLAN_PLATINUM
3724187a-4b7f-43ef-aa6f-22e13b76449b,Dan465 Tromp100,2019-06-25,M,Mansfield,TX,PLAN_SILVER
7249d5ba-664d-786e-f1c8-924588615e7a,Cecilia788 Arroyo916,2004-01-21,F,Lynn,TX,PLAN_BRONZE
59f7a978-7c32-4d81-4879-56a8d44f4a12,Timothy142 Bayer639,1977-01-23,M,Natick,WA,PLAN_PLATINUM
c46a254d-cd25-4375-528b-e8d0da9c6a29,Giovanni385 Barrows492,1954-08-12,M,Worcester,CO,PLAN_BRONZE
7f4ecb1c-eb6f-f819-0d42-b86912ee0d38,Julia241 Madrigal893,1911-07-14,F,Westfield,IL,PLAN_SILVER
795045ce-11be-b8ac-a5c7-886d4eca732c,Tyrell880 Fadel536,2007-07-08,M,Shrewsbury,NY,PLAN_BRONZE
747405cb-2f91-e54a-c123-55f4e9edfc4c,Troy560 Jerde200,1977-04-05,M,Leominster,PA,PLAN_GOLD
e1a2f3c6-27a7-f162-492e-62a5fffc38e0,Dayle885 Trantow673,1951-03-27,F,Northborough,FL,PLAN_PLATINUM
d19face0-6272-fbfb-7882-7745c0a86eb5,Carl856 Kunze215,1970-12-12,M,Lawrence,MA,PLAN_PLATINUM
cf79ac17-78d8-6fa4-1210-b3efdea80f7d,Francisco472 Mora209,1974-06-27,M,Boston,MA,PLAN_PLATINUM
5c15f3b9-fbd5-80e5-755d-5a697e4b0499,Ellen406 Windler79,2003-02-28,F,Peabody,MA,PLAN_GOLD
c628b9c2-31de-fd80-f913-2e9ad36393a9,Lemuel304 Lueilwitz711,1978-08-13,M,Haverhill,MN,PLAN_BRONZE
92fb7efc-5cfd-f8d3-927b-42f8ee099531,Ahmed109 O'Reilly797,2013-06-12,M,Worcester,GA,PLAN_SILVER
b74d0752-3c8d-4374-78d0-618105abb04c,Kaye394 Mayert710,1974-02-04,F,Brockton,WA,PLAN_BRONZE
436a7fef-6640-96ab-2557-77e40e947bc9,Arline53 Rohan584,2005-04-27,F,Agawam,NC,PLAN_GOLD
d92df2e8-3c36-b226-ac2f-0318da0327b8,Long300 Thompson596,1999-04-24,M,Barnstable,CA,PLAN_GOLD
fcde6abf-947c-a505-86db-6ee8fd387a7f,Janie347 Macejkovic424,1968-06-26,F,Needham,TX,PLAN_GOLD
c23879ce-c23c-dbb3-8812-1ecdcbbdfe6f,Tajuana20 Boyle917,1969-06-18,F,Pembroke,NY,PLAN_BRONZE
d6a7458f-9502-ef68-1ff8-539bda019f8c,Claudio955 Swift555,2009-11-18,M,Worcester,AZ,PLAN_BRONZE
3b26d1ac-6443-060d-d502-b93b8d82ccc2,Marivel862 Ledner144,1917-05-15,F,Quincy,MN,PLAN_SILVER
fdc21ebe-f012-0831-ccfc-28d243f4b5ac,Luci727 Murphy561,1982-07-07,F,Boston,FL,PLAN_SILVER
7bc66758-5d59-0b38-1532-29a33fa146c1,Susana117 Meléndez48,1911-07-14,F,Westfield,WI,PLAN_PLATINUM
722b8d8e-7435-5871-ab7d-9f4b900f1a6e,Val761 Weber641,1958-03-10,F,Quincy,PA,PLAN_BRONZE
48e5fb94-b8a0-49e0-7426-63cbccc47945,Sharlene906 Dach178,1964-09-14,F,Dartmouth,NC,PLAN_SILVER
155e8fa2-a0ac-80e4-23e2-0395cdcf1794,Myrtice99 Ernser583,2008-10-11,F,Nantucket,GA,PLAN_PLATINUM
e26891fb-8959-8553-d12a-f92bd5c3bafa,Mae105 D'Amore443,2002-07-09,F,Ludlow,WA,PLAN_GOLD
b4b89a78-2d0b-f956-1c84-b373ffd34e49,Breanne585 Leffler128,1966-03-20,F,Springfield,NY,PLAN_PLATINUM
b795bf03-28fb-ad1d-5a43-3e44422700a7,Janella261 Adams676,1964-05-04,F,Northampton,WA,PLAN_GOLD
49dcfcdb-2e70-3c98-9ce1-7020c1d8850d,Camille85 O'Kon634,1992-01-21,F,Walpole,PA,PLAN_SILVER
35e37786-cae2-06f7-f0da-7fca4b33f3e7,Gudrun69 Glover433,2017-01-03,F,Dalton,WI,PLAN_BRONZE
905c24ca-4f11-d6e1-c555-fcf809b6144c,Betsy439 Bashirian201,2000-10-11,F,Pinehurst,NY,PLAN_PLATINUM
5172375b-b342-9aed-8497-6840f37b5297,Ross213 Willms744,1984-12-01,M,New Bedford,TX,PLAN_GOLD
478dfbd6-4a0b-f3cb-0d30-a336f9d0c2e8,Florencia449 Ontiveros947,1999-02-07,F,Boston,IL,PLAN_GOLD
49ad5c5c-a6b4-ab0f-8ed9-fe107000d511,Paris331 West559,1996-12-31,M,Marshfield,WA,PLAN_PLATINUM
58287c7e-a28d-2607-00a4-8baab8c7e3ad,Sheldon401 Becker968,1994-07-09,M,Boston,OH,PLAN_PLATINUM
5cac9f29-c0e1-551d-98a8-277cc8f578df,Linsey338 Gerlach374,1917-05-15,F,Quincy,TX,PLAN_SILVER
fbe20eaf-cbd9-11a2-2791-d69cc00771bb,Glinda951 O'Keefe54,1976-08-26,F,Boston,NY,PLAN_PLATINUM
e976b84c-d166-c32d-2f8f-152ad6b5e3af,Van763 Zieme486,1968-12-07,M,Saugus,MA,PLAN_GOLD
3248ffc6-0867-0684-6309-c5ec2cba48ee,Salvador46 Ozuna605,1974-07-11,M,Taunton,NC,PLAN_BRONZE
731ddb1c-4c88-f6f1-3c54-e5fc5bb4c23d,Jolanda321 Hyatt152,1961-12-01,F,Lawrence,NC,PLAN_PLATINUM
a2ac2a39-b1eb-a338-3aca-7598d56e4501,Lin401 Powlowski563,2001-09-30,F,Quincy,TX,PLAN_PLATINUM
0354da61-b0c8-3469-d3f6-c2fd0f508b7a,Scarlett814 Breitenberg711,1974-12-31,F,Arlington,WI,PLAN_SILVER
3b7ccd6e-f331-abc9-a498-a16280c3ee10,Sanjuana985 Ritchie586,1978-12-03,F,Peabody,FL,PLAN_BRONZE
3b6c2a81-32bc-168b-5a45-2b1d3368c6a0,Wilmer32 Yost751,1940-08-16,M,Spencer,AZ,PLAN_GOLD
b9a2dccd-6eb0-0014-bc92-527b5dde701d,Trista955 Kertzmann286,1976-08-16,F,Northborough,IL,PLAN_BRONZE
c650efc6-4969-4cc7-65f7-bf8b59ca6421,Briana139 Hegmann834,1917-05-15,F,Quincy,CO,PLAN_BRONZE
38d4ec1b-e8fe-ee81-0634-4d0ac7dc140f,Maribel82 Haley279,1966-02-07,F,Mansfield Center,PA,PLAN_PLATINUM
5ac6dd24-2c5c-0ac0-91f2-7c10348c139a,Denis399 Abshire638,1958-11-26,M,South Amherst,AZ,PLAN_SILVER
e9bb3dbd-e1ea-cff0-0646-71d64be48193,Helga481 Abshire638,1989-09-02,F,Hingham,WA,PLAN_BRONZE
f42c7ebb-76cb-c999-e713-73169d94ccce,Kiyoko456 Reilly981,2001-07-11,F,Westfield,OH,PLAN_PLATINUM
ca063a61-6723-6d9c-b0b8-8bf1c7308b20,Britt177 Sanford861,1951-02-22,F,Boston,AZ,PLAN_BRONZE
ff59238a-9508-b0e5-39f4-0d4afcbe6f43,Keven605 Botsford977,2004-06-17,M,Quincy,WI,PLAN_SILVER
bfe5fb30-e78a-abb8-a83a-788816ae9fe4,Shelby741 Muller251,2014-10-16,M,Boston,GA,PLAN_GOLD
20a75f26-b297-4120-72e6-602ee5e9f4e4,Leif534 Rath779,1991-12-13,M,Boston,WA,PLAN_SILVER
25e2030b-e0c7-3b91-d434-57693cb72659,Ethelene252 Reilly981,1948-01-14,F,Quincy,TX,PLAN_GOLD
98120f78-9add-614d-d23f-1a600e4426e9,Wm806 Fahey393,1993-04-03,M,Worcester,TX,PLAN_SILVER
ac58e6c6-b5d7-8fe7-a0f3-452885f7b560,Robt687 Mante251,1940-08-16,M,Spencer,PA,PLAN_PLATINUM
bebfd4c4-1fcb-6cf4-5488-29c7b456089c,Mabelle762 Nienow652,2000-07-05,F,Southwick,WA,PLAN_GOLD
d4dd09e5-8eae-7136-407c-df2715f2643b,Shemeka786 Kertzmann286,1979-10-15,F,Fitchburg,NY,PLAN_BRONZE
ed45e2f4-8d33-22c1-9dcc-979f2c801297,Jorge203 Boyer713,2000-03-21,M,Boston,OH,PLAN_GOLD
31a2e8ec-69fc-8a71-3ab6-36cbdd508713,Adelaida985 DuBuque211,1917-05-15,F,Quincy,CA,PLAN_SILVER
9b02c15f-b00b-9618-929a-be6e432bd191,Ligia986 Becker968,1929-08-22,F,Boston,AZ,PLAN_SILVER
f9aa1bd1-6273-2f88-c9c3-39f7b9c0c270,Macy314 Stroman228,1968-04-22,F,Dartmouth,MA,PLAN_SILVER
5a0b111e-9440-a534-f2b9-12c100d89868,Robbin22 Green467,1973-02-09,F,Medford,CA,PLAN_SILVER
b48ab7a7-cdd4-7604-c9e3-9a873e905359,Vaughn909 Crooks415,1937-11-04,M,Haverhill,MN,PLAN_SILVER
46a347db-536c-5074-ab87-66802ca5395b,Shona685 Swift555,2017-08-06,F,Malden,WI,PLAN_SILVER
db827d6a-d1c7-cd51-9b86-626ab88d58da,Donny470 Howe413,2010-02-06,M,Seekonk,CO,PLAN_GOLD
291828e7-6bda-7710-381e-93e150aa1312,Charlyn749 Bayer639,1943-08-28,F,Whitman,OH,PLAN_BRONZE
27ee3743-45c8-dbad-f3b3-1a49a39e8b83,Marcelo725 Kub800,1940-08-16,M,Spencer,TX,PLAN_BRONZE
62857336-4176-3277-206d-58ba274aed30,Gerardo48 Herman763,1962-10-02,M,Shrewsbury,IL,PLAN_PLATINUM
6631206a-710c-945b-a5a3-e71390a411f8,Andre610 Grant908,1959-12-10,M,Newton,IL,PLAN_PLATINUM
8adb0f0b-979c-f354-4afe-93335d71af3a,Juana825 Duarte203,1975-03-10,F,Boston,MA,PLAN_BRONZE
2af3a46e-757d-0544-452c-1231039f4a6b,Kenton313 Strosin214,1963-12-05,M,Everett,WI,PLAN_PLATINUM
6493c2c4-8139-16da-0a7e-39cf37bc3b2f,Filomena215 Miller503,2002-06-22,F,Reading,CO,PLAN_BRONZE
1f10b0a5-575f-fde2-c602-f65c014c6bf7,Monroe732 Streich926,1971-11-13,M,Boston,NY,PLAN_BRONZE
1f6ca3a4-3383-37f6-45d3-bfe282c43b10,Roseanna881 Mayer370,2012-03-05,F,Boston,OH,PLAN_BRONZE
e1183fd3-ffb9-5078-31ea-2ab0e5e7db90,Josphine206 Keebler762,1943-08-28,F,Whitman,IL,PLAN_PLATINUM
49103abc-8e28-03bd-deb0-bca5082e23ba,Moon129 Ledner144,1979-11-15,F,Fall River,MN,PLAN_GOLD
a38b1195-9818-4286-ab60-96234d78c2b9,Isaiah615 Christiansen251,1960-12-23,M,Boston,CA,PLAN_BRONZE
00c9ca99-6b9f-add4-8759-f7dfee6ea1a4,Keisha459 Kilback373,1966-07-31,F,Fitchburg,CA,PLAN_BRONZE
7bbf12a9-8dd5-356c-175f-4c29bddba047,Sondra191 Robel940,1978-02-27,F,Lowell,CO,PLAN_SILVER
e133001b-40ea-e5c8-d1da-9bdcd829776d,Kirk871 Gaylord332,1949-12-09,M,Salem,AZ,PLAN_GOLD
411b4d1d-dd68-1a09-7d8a-7d1f0e7a3d7c,Nanci249 Kreiger457,1989-12-19,F,Methuen,FL,PLAN_BRONZE
4a4fd874-cf7c-d4f5-07a1-77b844d97c5f,Lynsey2 Rath779,1997-06-15,F,Lancaster,PA,PLAN_BRONZE
1e2bd11c-6949-0dba-c7b3-890aa0023fde,Randa356 Nader710,1996-02-20,F,North Adams,CA,PLAN_PLATINUM
dd4daa77-4499-cb78-bab2-9815954509fa,Anne636 Gleason633,1960-08-19,F,Springfield,GA,PLAN_BRONZE
8c6ae452-5f8c-9ff6-006d-c6c860acf5cd,Darla154 Hoppe518,1917-05-15,F,Quincy,MN,PLAN_SILVER
e2826a33-214c-e2c9-d2a3-1a14203ff1b5,Esteban536 Mitchell808,1973-12-05,M,Lawrence,IL,PLAN_GOLD
ef82862b-c0f8-7440-2dcb-4d7137349f0d,Melodie819 Cormier289,1988-08-04,F,South Dennis,PA,PLAN_SILVER
c07fdd29-a5c1-6e59-32f4-ce41a4633cd5,Bee658 Macejkovic424,1943-08-28,F,Whitman,TX,PLAN_BRONZE
420b3566-8788-f95c-0401-f317a9b445e5,Andres25 Hintz995,1982-11-25,M,Newton,AZ,PLAN_BRONZE
1094e290-28ca-61c8-f170-59648b11b32e,Shena75 Larkin917,1957-10-24,F,Salem,CO,PLAN_SILVER
bd08fe07-215b-69e4-43d1-24d8326ae686,Christia477 Ritchie586,1993-05-23,F,East Dennis,PA,PLAN_PLATINUM
c987d011-9807-23da-8487-4d7ce3511a86,Hazel720 Sporer811,1970-10-25,F,Arlington,IL,PLAN_SILVER
1f276bd6-37f3-f5e8-5f02-6118235e2988,Kori635 Gleichner915,2011-05-08,F,Upton,CA,PLAN_PLATINUM
db0ba46f-9b5e-63cd-cbe4-3c0ea82abbdf,Emerita401 Jones311,1960-08-19,F,Springfield,NC,PLAN_PLATINUM
3d60584c-574a-16e0-ef8f-c8a7315878e9,Carmelina668 Morissette863,1979-04-20,F,Malden,PA,PLAN_BRONZE
a8b166c9-23da-d720-b0e1-296944f432dc,Shirlene698 Pfeffer420,1968-01-07,F,Chicopee,PA,PLAN_GOLD
2c293700-fabf-3c0c-8d1a-67cd127dcb12,Graham902 Willms744,1926-11-12,M,Harwich,MN,PLAN_GOLD
819e4007-79c5-5d6c-5db7-7889c1aa0ec3,Alycia285 Muller251,1955-07-29,F,Montague,MN,PLAN_SILVER
3436e704-73e4-11da-241d-7adeccd97a0d,Art115 Lesch175,1953-02-08,M,Revere,GA,PLAN_PLATINUM
a90e1118-edb5-4c62-e17e-de38e6720cc0,Janiece99 White193,1975-07-12,F,Lowell,MN,PLAN_BRONZE
fb666e77-dcb0-f7cc-91f1-4c805cafd94a,Maddie576 Stokes453,1926-10-13,F,Salem,MA,PLAN_SILVER
989f497b-48d4-50e7-2df2-9b583f0ceebc,Marjory382 Beatty507,1983-01-16,F,Boston,OH,PLAN_GOLD
68f34b8e-efce-ce3e-836d-a815503c7b56,Ana972 Bonilla161,2006-07-02,F,Dracut,WI,PLAN_SILVER
e259daec-8b59-74a7-a92c-e4451146d6fc,Josue598 Ortiz186,1994-02-14,M,Amesbury,MN,PLAN_GOLD
ff06d32e-e1df-b8db-484a-2d0d9e5d8461,Bobby524 Harris789,1979-06-10,M,Springfield,CO,PLAN_BRONZE
1317e7d6-f31c-2d3b-54b3-8fe8837c78fc,Margherita470 King743,1917-05-15,F,Quincy,CO,PLAN_BRONZE
ab551306-3d73-765f-6c2a-95ddfb17f969,Alonso270 Bahringer146,1926-11-12,M,Harwich,TX,PLAN_PLATINUM
d6c850ad-7e48-0c4b-23b9-ef4d6e58773c,Michelle423 Haley279,1985-11-19,F,Swansea,NY,PLAN_BRONZE
652fde3e-b7b4-8c47-2dab-25294d389af1,Alysha630 Corwin846,1926-10-13,F,Salem,MA,PLAN_PLATINUM
8003a644-3445-56b0-017a-4480f0d6b348,Porfirio146 Ledner144,1979-06-10,M,Springfield,AZ,PLAN_BRONZE
d4e3d6e6-075e-cf60-a092-67c17cb521d1,Irene779 Bétancourt447,1984-01-11,F,Malden,NC,PLAN_GOLD
c1075300-aae7-596d-df5a-c944d763a663,Zachariah133 Bergstrom287,1913-07-15,M,Lexington,FL,PLAN_GOLD
e0b4bd84-4df2-d30c-cd67-a9daee769602,Olin642 Balistreri607,1931-10-16,M,Fall River,GA,PLAN_PLATINUM
0142b69f-57f0-9a08-4e2d-65a2b77fdea7,Ralph813 Kuhlman484,1926-11-12,M,Harwich,WA,PLAN_BRONZE
cb06b854-fa3d-3450-214a-bd8ad35d07d2,Micaela928 Cordero852,1963-07-03,F,Boston,OH,PLAN_BRONZE
2376720a-56ca-5474-3737-32cf783a169c,Man114 Howell947,1987-06-09,M,New Bedford,CA,PLAN_BRONZE
e4035211-964b-b90f-237d-655426c3aa1f,Dewitt635 Hane680,1971-10-31,M,Carlisle,WA,PLAN_GOLD
5bd3bb2e-41f9-18ea-0736-fe3f41f4dbf9,Leonie332 Koelpin146,1977-05-12,F,Scituate,CA,PLAN_GOLD
83c5cc27-48a8-5580-966b-783719fe8f1b,Shirlene698 Bergnaum523,1917-05-15,F,Quincy,WA,PLAN_SILVER
c57fbe47-ea62-b01f-054d-4088979dc739,Jimmie93 Effertz744,2020-01-21,M,Somerset,CA,PLAN_BRONZE
50659146-2b4a-5091-ddc8-12d59f8da68c,Josiah310 Trantow673,1931-10-16,M,Fall River,AZ,PLAN_GOLD
a706bd75-a69b-5bb8-db87-8a29b45c989d,Vivienne78 Doyle959,2003-12-06,F,North Attleborough,AZ,PLAN_PLATINUM
19d74a46-a73e-9493-1eb8-e40b39f89db8,Reta616 West559,2020-03-27,F,Everett,IL,PLAN_BRONZE
acbb6a45-6e0d-a628-8dc5-8b15fae31b8a,Brunilda665 Will178,2018-09-26,F,Somerville,FL,PLAN_SILVER
a8b8d20e-ecf0-4cb1-7536-38683ba360aa,Odis959 Veum823,1980-05-08,M,Southborough,MN,PLAN_GOLD
02ceca12-357f-981e-dcf3-3d26d3c1ff82,María Teresa440 Valadez233,1963-07-03,F,Boston,AZ,PLAN_PLATINUM
d9bde0cc-3ea9-5329-2da3-1d9c3adbd86a,Boyd728 Gleichner915,1926-11-12,M,Harwich,NC,PLAN_BRONZE
e51b6686-8e11-03a1-9699-ae0ecfde0bb6,Barton704 Breitenberg711,1962-05-15,M,Littleton,IL,PLAN_GOLD
1a5224e4-383b-6e73-79a7-98a499069b10,Andy346 Hirthe744,1958-01-30,M,Avon,OH,PLAN_SILVER
db9b9c1c-0a86-773c-ba82-fbb9b71d9993,Will178 Hilpert278,1938-10-13,M,Walpole,PA,PLAN_PLATINUM
b68c6e5e-6b47-b721-839b-739ec3400504,Jordan900 Smitham825,1963-03-18,F,Revere,NC,PLAN_PLATINUM
43a8f60a-2b8e-26b5-3736-e64df96bf796,Francisco472 Lynch190,1973-10-06,M,Boston,AZ,PLAN_GOLD
6f49aebb-074b-cc99-b71b-2fb9c43a67e2,Reid278 MacGyver246,2016-08-19,M,Wellesley,PA,PLAN_GOLD
21db612c-b8ef-f666-53a6-cc657674d4cd,Rene434 Wisoky380,2003-06-17,F,Yarmouth,WA,PLAN_SILVER
231d63a6-aaf9-7c0d-f452-3a79f112d880,Antony83 McDermott739,1931-10-16,M,Fall River,CA,PLAN_BRONZE
ff9337d4-4f6c-2182-c1aa-a0811a68a4ab,Milan77 Roob72,1952-04-15,M,Newton,CA,PLAN_GOLD
864b2fa0-78e3-88c6-2ce2-ba3aea72236c,Ula130 Beatty507,1926-10-13,F,Salem,GA,PLAN_GOLD
8aeeb74e-10c8-bbff-e68d-0aa8b3159c1b,Romeo514 Toy286,1985-09-14,M,Rehoboth,FL,PLAN_BRONZE
9c4874b9-608e-fce4-9dc9-e30c13607e9d,Vi771 Hessel84,1950-10-17,F,Billerica,IL,PLAN_GOLD
00126cb9-8460-4747-e302-c3609684531e,Fatima244 Sauer652,1987-05-30,F,Berkley,CO,PLAN_SILVER
1405f86e-4660-8c8b-4876-a21c9487b179,Erin498 Schumm995,1951-01-26,M,Franklin,TX,PLAN_PLATINUM
09c151c9-f15e-dd85-6233-da9e8aabe0cc,Ahmed109 Beatty507,1938-10-13,M,Walpole,WA,PLAN_BRONZE
753e1440-87ec-7175-29e7-73bf24f5c7f0,Oneida64 Tromp100,1940-08-02,F,Salem,WI,PLAN_SILVER
f374b7ab-4d9b-c83b-ac48-7b10dcae1d12,Darryl392 Collins926,1931-10-16,M,Fall River,IL,PLAN_SILVER
64f8510c-05b1-c7ce-b67c-75c801c3d048,Lavette209 Miller503,1969-09-05,F,Framingham,CO,PLAN_SILVER
15e26d50-6ea4-1b03-cf83-9748d0f245e7,Lucio648 Smith67,1967-02-23,M,Taunton,MN,PLAN_SILVER
f8d9fe9e-f635-5340-41cc-935771d6dec0,Dino214 Huel628,2001-12-05,M,Whitman,FL,PLAN_SILVER
9929af95-8955-628e-486b-fe42c02beb5f,Brande998 Jerde200,1950-10-17,F,Billerica,OH,PLAN_GOLD
4530f682-fb3a-fa9e-71b7-ce411bf37312,Raul814 Heller342,1913-06-10,M,Conway,AZ,PLAN_BRONZE
db44d702-2951-de80-0bd9-7c89472963f0,Elbert916 Stehr398,2011-07-17,M,Plymouth,PA,PLAN_PLATINUM
7603d7e2-7e39-24cc-4068-dca4098f29f1,Nery414 Zemlak964,2010-04-11,F,Arlington,CO,PLAN_GOLD
1e7948e2-366f-7289-ac1c-f90303b32125,Tristan353 Swift555,1938-10-13,M,Walpole,WA,PLAN_GOLD
f5dbb8d8-6b8b-9648-5f26-d5bb0790fa45,Dalton260 Marks830,1976-02-12,M,Taunton,MN,PLAN_BRONZE
d4289911-f875-7766-81d9-11b00b97f1a6,Mathew182 Jacobs452,1973-12-10,M,Methuen,GA,PLAN_PLATINUM
30d4add3-4d26-ab22-5a3d-53363f33332f,Xavier983 Deckow585,1931-10-16,M,Fall River,IL,PLAN_PLATINUM
c1b61a52-e15f-0bd4-58d3-eb581ecb6192,Johana303 Wunsch504,1970-02-02,F,Plymouth,FL,PLAN_GOLD
77e0ed77-2f51-7fe3-792d-ff1e0be7f3c2,Leota851 Thiel172,1942-11-27,F,West Yarmouth,NC,PLAN_GOLD
8fdd8e4f-bf93-37c2-83e7-3d0812840739,Basil991 Douglas31,1975-02-11,M,Rehoboth,IL,PLAN_PLATINUM
32653d7a-2f66-544f-1104-43d6e1c1ae4c,Tonisha838 Cruickshank494,1970-11-27,F,Falmouth,WI,PLAN_GOLD
574645b2-cbb6-f5b5-97dd-60cd07675773,Amado512 Botsford977,1984-02-09,M,Southborough,AZ,PLAN_GOLD
b0332845-6c2a-bef0-04f1-8fc60ba829a5,Elton404 Bradtke547,1913-06-10,M,Conway,CA,PLAN_SILVER
91f3dfb6-9545-a0cf-7c12-64d89cab1db3,Anisa442 West559,2015-09-12,F,Uxbridge,AZ,PLAN_SILVER
d688932a-65c6-3833-4978-3729c3027871,Shannon293 Fisher429,1938-10-13,M,Walpole,OH,PLAN_SILVER
ad67ba01-cc70-b87a-1bdb-47c53c56adfd,Majorie11 Grady603,1991-08-17,F,Norton,GA,PLAN_GOLD
827356e9-9e28-2005-8a0b-1eea3266f43e,Francisco472 Alcántar600,1963-07-05,M,Boston,MN,PLAN_BRONZE
1edd887a-05a6-d93a-1cff-f78e3c5da92f,Cary869 Rutherford999,2011-06-18,M,Boston,MN,PLAN_BRONZE
5ebac3bc-45f8-9136-b77a-d20b40dde915,Ula130 Goldner995,1942-11-27,F,West Yarmouth,MA,PLAN_GOLD
aa06e501-1a2a-548c-e176-6959b58e412f,Dane516 Jacobs452,2000-02-29,M,Amesbury,PA,PLAN_SILVER
2bc3852a-ed90-20d8-f383-5a5c980a56ca,Kristian973 Windler79,1976-01-08,F,Leicester,CA,PLAN_PLATINUM
77d8177a-0da0-a91f-da5e-9ac05a96def0,Georgene966 Romaguera67,1992-04-07,F,Quincy,AZ,PLAN_SILVER
be000965-b142-a7c8-8f14-ee3907609a55,Forrest301 Paucek755,1952-07-20,M,East Dennis,FL,PLAN_GOLD
da88735b-1240-851d-d7d9-f42747fba5be,Lucio648 Ledner144,1913-06-10,M,Conway,NC,PLAN_GOLD
cc0b85a3-ca8d-45fb-c9d6-5b69dd505d41,Ozell178 Tromp100,1957-01-11,F,Middleborough,CA,PLAN_SILVER
863d30c0-d34e-be6c-6a5b-1c7aa0333ee7,Ricardo560 Stracke611,2017-06-19,M,Agawam,GA,PLAN_BRONZE
eff48ed7-eab5-258e-2d5d-0793f7941bea,Sierra982 Kohler843,1978-04-14,F,South Amherst,CA,PLAN_BRONZE
359c5510-90bb-f66c-ff5f-8a4887e29e71,Dalene805 Nolan344,1966-05-28,F,Medford,IL,PLAN_SILVER
e3d999ee-c61a-18cd-6045-7e958c87773b,Fernando603 Feliciano160,1950-01-20,M,Swansea,MN,PLAN_PLATINUM
73678386-4129-73b5-024b-dd923dc59095,Janetta325 Breitenberg711,1953-05-02,F,Westport,NC,PLAN_GOLD
a1c127d9-d31e-36b1-2a3e-3014be9bfdf0,Randal152 Herman763,1931-10-16,M,Fall River,CO,PLAN_BRONZE
d90705f0-2c2d-4126-6504-93d4da9c6f7a,Johnie961 Tremblay80,1963-01-07,M,Weymouth,TX,PLAN_BRONZE
a535029d-c7ba-2a81-9f85-d84109d5c44b,Maud851 Rodriguez71,1970-09-25,F,Marblehead,AZ,PLAN_GOLD
6c96e5f4-464b-0afa-ff6f-aab2e1e55a49,Lilly908 Hamill307,1958-12-02,F,Worcester,PA,PLAN_SILVER
fed745aa-0d47-4eb7-58e0-5d132b90a24f,Deane47 Stark857,1992-05-11,F,Monterey,IL,PLAN_BRONZE
bb5c7f5f-8357-bfe3-edfd-72f36fb7bc20,Beata187 Nicolas769,1966-05-28,F,Medford,CA,PLAN_PLATINUM
45d8e064-aadc-59d8-d4a5-2637f5584aab,Margie619 Hermiston71,1987-12-23,F,New Bedford,IL,PLAN_SILVER
cc0c6937-5332-8a52-79dd-b01553aae979,Kermit56 Wolff180,1913-06-10,M,Conway,MA,PLAN_GOLD
ee56c87e-394b-b981-c3aa-eb3663209f37,Latarsha812 Carroll471,1996-04-30,F,Hubbardston,CO,PLAN_BRONZE
00ae3b00-9500-efc1-2758-a93d3f77e650,Tashia814 Boehm581,1953-05-02,F,Westport,CA,PLAN_GOLD
185cefc8-cf9d-3df1-ff01-b62ca7b90adb,Marisol435 Hilll811,1967-06-15,F,Holden,TX,PLAN_BRONZE
85f0a859-d272-8ed8-fea7-ff7a21d81887,Victor265 Carter549,1966-09-04,M,East Bridgewater,CO,PLAN_PLATINUM
3c0f81dc-96bf-3f9c-6e4f-5763f9614fb2,Leanna255 Witting912,2021-07-28,F,Boston,OH,PLAN_PLATINUM
bc8d72aa-9065-473c-d9cd-cceb942ddfaf,Andrea7 Collins926,1994-12-04,F,Saugus,GA,PLAN_PLATINUM
788a1414-0bee-f2a6-8096-a9f2d936f42f,Scottie437 Kerluke267,1960-01-17,M,North Eastham,FL,PLAN_GOLD
be341f37-13a9-e54b-901a-23d59b802bb8,Jason347 Johns824,1913-06-10,M,Conway,OH,PLAN_PLATINUM
1ef1309d-cd3a-f6b2-2706-10f9ecfa06ed,Kit446 Hills818,1986-01-02,F,Reading,MN,PLAN_PLATINUM
a0e542ca-bab1-52c2-e32d-5c5507e36868,Willodean275 Hyatt152,1988-12-13,F,Shrewsbury,IL,PLAN_GOLD
8aa6b366-1eb1-2649-95a2-18ce6fc5d7cf,Kristopher775 Ledner144,1952-12-13,M,Barnstable,MN,PLAN_PLATINUM
45e7e2b5-aa6f-f860-d613-543aa6a5b057,Yukiko930 Kemmer137,1952-06-20,F,Lee,AZ,PLAN_GOLD
09a88ead-dcf8-1702-a172-fcb15b294d7f,Janeth814 Grant908,1995-12-10,F,Somerville,PA,PLAN_PLATINUM
e546eb3d-36c4-ce15-fcff-c464c8d79441,Werner409 Watsica258,1955-08-26,M,Mount Washington,GA,PLAN_PLATINUM
8d341b49-a266-a3d1-c546-4aacd39303bb,Damien170 Orn563,1938-09-02,M,Needham,MA,PLAN_GOLD
59006c13-4c8e-7d51-5392-8a78ea30c159,Deirdre267 Langosh790,2014-01-01,F,Fall River,WI,PLAN_PLATINUM
442970b2-2f69-0f03-b394-96221a5a3ee6,Herbert830 Kessler503,1913-06-10,M,Conway,FL,PLAN_GOLD
562e7d26-9dfb-95f2-0815-3c20129955b8,Nieves278 Strosin214,1965-02-26,F,Fall River,CA,PLAN_SILVER
c104b1ec-d2e8-6ff7-4cc1-e58144be7da2,Christen366 Aufderhar910,1993-10-14,F,Winthrop,WA,PLAN_PLATINUM
b4a8f077-ac06-b045-97d4-30ca90df4a7a,Ezra452 Mertz280,1966-12-11,M,Woburn,AZ,PLAN_PLATINUM
e0807fab-552e-931f-366f-761dff93a52e,Phuong301 Lynch190,1975-06-01,F,Duxbury,OH,PLAN_GOLD
4fadd99c-4f13-0c0f-2b37-2c3c9c13ff78,Porfirio146 Wunsch504,1913-06-10,M,Conway,MN,PLAN_BRONZE
576df1b5-7fa9-a7c5-7dcf-2bd889b278ec,Rodney21 Koelpin146,1955-12-31,M,Plymouth,WI,PLAN_SILVER
5fa19f72-3c42-c600-eff0-c97e8448ad57,Natalie960 Armstrong51,1952-02-19,F,Swampscott,FL,PLAN_BRONZE
aa07a9f0-6cce-5e67-519a-2e2c5f93db29,Angelo118 Runte676,1987-05-02,F,Salem,OH,PLAN_PLATINUM
71feb043-65a2-618f-8a43-77990c308b76,Jacki842 Waters156,1989-01-17,F,Wakefield,WA,PLAN_PLATINUM
c7b4f895-36c5-9c73-4e5c-5b9a10cab889,Carey440 Crist667,1958-11-18,M,Marlborough,MA,PLAN_BRONZE
54cc4555-29a2-17ca-1b62-b537b35515a5,Jenny686 Krajcik437,1979-01-17,F,Somerville,OH,PLAN_GOLD
3782e52d-3a8e-b8a0-1fce-c0bf74d6a96c,Stormy472 Gulgowski816,1989-01-17,F,Wakefield,WA,PLAN_SILVER
961c13b9-6fe8-5b78-abd2-72f1e51dae7a,Laverne101 Anderson154,1975-12-20,M,Orleans,WI,PLAN_PLATINUM
e6785847-ea03-5c99-acbe-abd075241788,Trevor374 Konopelski743,1955-12-31,M,Plymouth,MA,PLAN_SILVER
53b3d6bf-2171-c8ac-f4c7-8905a01cf559,Lee268 Carter549,1961-08-18,F,West Concord,PA,PLAN_GOLD
f41e89ff-c2ff-9998-ca68-ad438f67447d,Sterling124 Rau926,1913-06-10,M,Conway,PA,PLAN_PLATINUM
08d4ab09-5ba6-e114-3dbc-cfd6493146c5,Betsey110 Funk324,1918-12-21,F,Pittsfield,FL,PLAN_PLATINUM
2afc9195-bd76-87d7-9ae4-290e5036c2fa,Chauncey770 Baumbach677,1973-10-14,M,Brookline,NY,PLAN_BRONZE
74ead5ce-b1a1-88ee-3d88-8c5502531d68,Diane211 Murphy561,1974-05-11,F,Danvers,MA,PLAN_PLATINUM
2961ef66-1eeb-1813-3217-c3c0176fd872,Eric487 Fahey393,1944-02-01,M,Dartmouth,GA,PLAN_BRONZE
fac847f2-6b31-2022-e96c-24c04a08256c,Gladys682 Wuckert783,2001-07-05,F,Lexington,OH,PLAN_GOLD
720e9d83-7140-7188-3aab-1752dd2c3183,Jesica465 Schumm995,1970-10-14,F,Boston,GA,PLAN_GOLD
cd6bea41-b268-4c96-0338-3f3d8129e5d8,Gayla444 Purdy2,1950-01-24,F,Westfield,GA,PLAN_SILVER
0cbfba7c-bd09-5afb-221c-3cd30ae46757,Gretta175 Rolfson709,1961-08-18,F,West Concord,WI,PLAN_GOLD
312d3dd7-d005-5d59-078e-2dc5615a466c,Glendora96 Hettinger594,2003-06-04,F,Lawrence,WA,PLAN_GOLD
f95e40e9-9446-c65a-36b6-59c0183327e4,Twila243 Blick895,1918-12-21,F,Pittsfield,FL,PLAN_PLATINUM
1bc585d3-2a40-d934-3d96-f50fd607093f,Carroll471 Hirthe744,1968-01-12,F,Boston,PA,PLAN_SILVER
58e24016-f3f7-e33d-35cd-333d6dedd5aa,Alexander630 Dickinson688,1990-03-23,M,Wakefield,IL,PLAN_BRONZE
9f2de402-cf41-e01d-2989-111bd5201620,Estela596 Posada6,1964-01-30,F,Boston,CO,PLAN_BRONZE
d26086c9-4205-29b4-0e28-a77231a9724a,Hubert238 Jenkins714,1913-06-10,M,Conway,PA,PLAN_PLATINUM
faf1d0f2-c429-72a4-5be0-e542949829ab,Awilda854 McClure239,1989-06-23,F,Weymouth,FL,PLAN_GOLD
e7066cb1-7d7b-a1cb-8788-16325c24154b,Wilber603 Rath779,2012-07-19,M,Rowley,IL,PLAN_GOLD
bea87be4-08d7-cc5e-4791-254d11c26341,Anya973 Mills423,1973-11-09,F,North Attleborough,CA,PLAN_GOLD
eca161aa-f1c3-7391-baa6-37ee86e32b23,Chantal971 Moore224,1960-11-13,F,Swansea,FL,PLAN_SILVER
b3f7b7b8-589f-0f29-bf7d-cf3b162f6c97,Mariette443 Gusikowski974,1992-10-14,F,Ayer,OH,PLAN_GOLD
df0d49f8-6136-1388-b5ec-0a19e7539b15,Fredrick998 Stehr398,1994-11-21,M,Billerica,GA,PLAN_PLATINUM
7edc835f-0063-6d39-0c35-112f82a3e131,Wilton999 Schamberger479,1953-05-25,M,Charlton,MN,PLAN_SILVER
a3501530-1af1-4244-15cd-40070be6e4f4,Elliot577 Fritsch593,1948-05-31,M,Boston,MA,PLAN_GOLD
acf7fc98-1e54-740b-953d-f111696e7e4e,Elna874 Nikolaus26,1918-12-21,F,Pittsfield,MA,PLAN_SILVER
10d90820-db26-953d-7818-a17f198cc2f8,Manda751 Crist667,1999-05-07,F,Littleton,PA,PLAN_GOLD
b5d02e28-4948-f7d4-d4dc-a21d692d2b07,Kristofer887 Schmitt836,1913-06-10,M,Conway,OH,PLAN_GOLD
37dd96cc-2255-db60-bca6-005438b7d3ee,Thomasena108 O'Conner199,1994-07-13,F,Newton,PA,PLAN_SILVER
c24c5971-3c20-aeab-95da-9dba58dad4a3,Demetrice140 Collier206,1960-11-13,F,Swansea,PA,PLAN_SILVER
df46cbb3-2704-5d4e-a101-4f2d2dac83b0,Odell776 O'Kon634,1947-07-19,M,Shrewsbury,PA,PLAN_BRONZE
9f2b1e2f-f8e2-9990-8b39-6906a5721ac2,Arron144 Morar593,2002-06-24,M,Amherst Center,FL,PLAN_GOLD
4b0301f7-6c9e-e170-d540-eda9466a29d7,Dino214 Kulas532,1966-01-19,M,Bridgewater,IL,PLAN_BRONZE
1b0d214c-f965-877c-6715-820eb1bd82dc,Hae300 Corkery305,1952-09-14,F,Athol,FL,PLAN_PLATINUM
23d4a494-443e-fe6b-d0ec-e21a762d2a90,Lamont867 Hoeger474,1921-11-21,M,Boston,IL,PLAN_PLATINUM
079bd0b4-875b-a9d2-bb7f-4084e3360787,Armando772 Stiedemann542,1998-09-09,M,Amherst Center,CO,PLAN_PLATINUM
81393886-9f1f-35d5-f000-ea68f238f49f,Kimberlie352 Rodriguez71,1945-11-17,F,Lowell,MA,PLAN_SILVER
152ae6fe-9ed5-6944-0d96-f6073102f677,Vita624 Bosco882,1918-12-21,F,Pittsfield,OH,PLAN_GOLD
e599800d-fb97-6879-a8ea-656ebb0c5cb3,Shelby741 Towne435,1913-06-10,M,Conway,TX,PLAN_PLATINUM
e9cbe913-d36c-2a77-2a27-60dbf73601e3,Ellena683 Jerde200,1992-02-23,F,Salem,WA,PLAN_BRONZE
b2b784f2-7847-a0ce-a217-5bca4eb30c9d,Simon598 Langworth352,1947-08-15,M,Woburn,MA,PLAN_SILVER
ca934cf9-a055-9b04-fd86-037eece56e90,Daniela614 Hagenes547,2014-07-07,F,Holliston,AZ,PLAN_GOLD
7cc3df90-17f4-b8c1-f950-76de25bc3872,Terrence276 Parisian75,1966-01-19,M,Bridgewater,CA,PLAN_GOLD
418ce939-0b2d-4081-9003-a162e6467c09,Thaddeus38 Dicki44,1921-11-21,M,Boston,OH,PLAN_SILVER
7fa9ddbe-8a25-2200-b944-30a5329e66d4,Ferdinand55 Ratke343,1916-03-28,M,Springfield,IL,PLAN_GOLD
9480b971-2ca2-56af-dded-aa0fac41e0a7,Brunilda665 Toy286,1997-12-21,F,Springfield,GA,PLAN_PLATINUM
6abc5e2e-a95f-1d3f-2b1c-7b003d417973,Hulda44 Pouros728,1970-09-03,F,Mansfield,WA,PLAN_SILVER
53b5f4de-38ea-8da9-5474-e59ab7d9c88d,Sharilyn202 Schmitt836,1945-11-17,F,Lowell,NY,PLAN_BRONZE
c9447fb9-418d-fe6d-1404-43aa9f58fc47,Pauletta164 Brown30,2001-09-21,F,Georgetown,GA,PLAN_GOLD
584056da-c05d-bc02-50eb-e24f8310c1d2,Ellis535 Trantow673,1966-01-19,M,Bridgewater,MN,PLAN_BRONZE
ad3817b1-abe7-9976-1cee-478bf8e4c406,Frieda277 Homenick806,1987-03-22,F,Boston,TX,PLAN_SILVER
d573d7bf-7ded-bb80-55c4-62c56c831643,Clarine378 Hagenes547,1952-11-06,F,Merrimac,CA,PLAN_BRONZE
ce0cf6c2-6420-9443-5fcf-d60b8398048e,Sunshine777 Friesen796,2010-09-09,F,Cambridge,NC,PLAN_SILVER
49d56ae6-5b5e-838c-da96-3b65e201aaef,Ashton21 Mitchell808,2003-05-17,F,Fairhaven,IL,PLAN_BRONZE
b755085e-cb18-f1f0-d5f3-477b850a231b,Cole117 Wuckert783,1916-03-28,M,Springfield,NC,PLAN_BRONZE
cd600da2-5ec8-5876-fafa-ccc1d1ad5fd3,Kurtis994 Watsica258,1921-11-21,M,Boston,TX,PLAN_SILVER
7f55478e-e6c6-6bef-10b3-c9be22b3253b,Mi492 Homenick806,1945-11-17,F,Lowell,PA,PLAN_BRONZE
d25c159a-033b-593f-dbbf-b1e9de3b2fc4,Terrell212 Wintheiser220,1980-04-01,M,New Bedford,OH,PLAN_PLATINUM
139f1206-227d-4cf1-2bea-7d3154516bdf,Lyle846 Abshire638,1933-07-05,M,Conway,TX,PLAN_PLATINUM
58eb83f7-ab23-104b-697b-ec5be0624367,Elliott563 Nikolaus26,1949-06-17,M,Boston,FL,PLAN_GOLD
050358a1-fcf7-1182-7ad1-6b663afa3002,Eugene421 Heller342,2005-12-13,M,Waltham,TX,PLAN_BRONZE
b38f6f4d-8a9d-3d94-92f8-22704c8281a2,Tashina114 Runolfsdottir785,1966-03-13,F,Danvers,WA,PLAN_PLATINUM
97bd8789-5f31-dc8d-fec7-238b30135cf5,Franklyn361 Abshire638,1995-01-04,M,Woburn,OH,PLAN_BRONZE
a47eed09-9942-9cbf-9220-2843ded300e9,Elvin140 Senger904,2007-01-26,M,Blackstone,NC,PLAN_SILVER
137651e5-3f15-db77-2712-ee0b75724502,Cory323 Corkery305,1995-01-04,M,Woburn,CA,PLAN_SILVER
535dee6a-8dab-2ecf-f909-01028e3f5b1f,Carlos172 Mayert710,1983-04-22,F,Framingham,WI,PLAN_BRONZE
afd9d993-5a0f-0b80-9c52-70a2468e2642,Raymon366 Mayert710,1916-03-28,M,Springfield,AZ,PLAN_SILVER
edc8dc01-9e25-8cb5-c18e-9b9b75ccd1ee,Lamar193 McDermott739,1918-11-27,M,Northbridge,GA,PLAN_PLATINUM
ec3be88f-6d38-5331-b548-18bf9b9f35a3,Kayce253 Friesen796,1984-05-26,F,Somerville,WI,PLAN_GOLD
97ee081a-d0e0-e0eb-238c-fa00e7dfba7d,Lecia978 Emmerich580,1961-03-23,F,Springfield,NC,PLAN_SILVER
42daa5f0-9beb-4d16-322b-9df14bbe418b,Janet238 Auer97,1939-03-12,F,Montague,AZ,PLAN_SILVER
81d85a6d-8dc1-a067-0d33-832e589a20fa,Bethanie176 Gislason620,1944-04-03,F,Granville,OH,PLAN_GOLD
f1da4fd4-558a-919a-c343-c0b720b0e684,Victoria535 Alva958,1987-11-01,F,Middleton,CA,PLAN_GOLD
c09c4a85-e909-cfce-863a-7e363c9813a6,Antony83 Nikolaus26,1955-05-18,M,Bridgewater,CO,PLAN_BRONZE
83bd6a6c-8c7f-da8f-0cd8-9bec34c64a1e,Chong355 Boehm581,1973-06-02,M,Somerville,NC,PLAN_GOLD
56ca32c8-a903-b357-6ea3-92f9503e8a8a,Margart214 Keebler762,1961-03-23,F,Springfield,MN,PLAN_PLATINUM
477f3dee-5a4b-0f03-917a-b1fc9e9d3110,Philip822 Boyer713,1918-11-27,M,Northbridge,WA,PLAN_GOLD
ce1b17d2-15ee-aa1c-bdd1-8be89ba22acf,Caleb651 Lind531,2005-03-25,M,Westport,NC,PLAN_BRONZE
8b75c459-60b7-ff60-9ef5-74f64131beda,Marilyn850 Zieme486,1945-03-18,F,Marlborough,TX,PLAN_PLATINUM
2a577eb8-be79-318c-3ef8-b34f96032748,Manuel446 Gusikowski974,1916-03-28,M,Springfield,GA,PLAN_BRONZE
f9b25fb8-133c-51c3-96f7-34ffb1c872ec,Kizzy275 Lubowitz58,2001-10-12,F,Dedham,TX,PLAN_GOLD
546ab430-0ad8-54a3-9247-85caadb762d1,Mitchell808 Harber290,1939-04-03,M,Mashpee,MN,PLAN_PLATINUM
144e80cf-0e24-0958-e987-0afc0339b98e,Perry780 Zulauf375,1996-01-11,M,Hudson,TX,PLAN_BRONZE
dcdd1094-9e05-e734-aaee-0c7e971d9a1a,Ellen406 Parker433,1969-10-08,F,Wilbraham,FL,PLAN_GOLD
156a959f-4abb-e935-3703-c8c6672ba3b0,Craig656 Pfeffer420,1942-03-08,M,Boston,WA,PLAN_SILVER
a7b1578d-868c-9f64-e678-0f218c65d3e8,Judi176 Russel238,1942-09-06,F,North Adams,MN,PLAN_BRONZE
2f1a1fb8-99d1-31f5-eb7f-e829a968f2f2,Leonardo412 Carter549,1918-11-27,M,Northbridge,NC,PLAN_BRONZE
a376547d-1986-deaf-47cf-746bf9ca2165,Miguel815 Schneider199,1951-09-21,M,Hampden,WI,PLAN_GOLD
1636e185-4774-0f3a-d34c-ccde4026abe1,Chong355 Jakubowski832,1916-03-28,M,Springfield,AZ,PLAN_SILVER
ae590ac7-640b-17b5-724f-497ff3cb346f,Tynisha348 Abbott774,2018-04-22,F,Boston,PA,PLAN_SILVER
b34c8073-3e54-6f3a-42c0-914b6cbcc3a2,Eddie505 Beier427,1960-03-30,M,Leominster,WA,PLAN_PLATINUM
c45f3bc4-82f5-dddb-0131-a8636d9c4564,Lea264 Will178,1947-12-01,F,Brookline,WI,PLAN_BRONZE
f6a7e98f-a5ca-f52d-1b65-4c548570d8bc,Hubert238 Dickinson688,1989-07-25,M,Cordaville,FL,PLAN_BRONZE
845a3922-0b68-9036-172a-57b58f1ff684,Rocco842 Rempel203,1918-11-27,M,Northbridge,CA,PLAN_GOLD
ef6d75b4-afc6-70c0-2767-27468cb3c243,Neta452 Morar593,1942-09-06,F,North Adams,AZ,PLAN_BRONZE
987453c3-b90f-a21e-08b8-3e940923c52b,Mathew182 O'Conner199,1942-03-08,M,Boston,IL,PLAN_BRONZE
582bf373-c5f4-2e6c-b924-e5b2bb2e102a,Sandy901 Raynor401,1999-04-04,M,Quincy,AZ,PLAN_SILVER
0f3fd5c2-7b2c-c3a7-a8da-9598c37470e2,Kelley882 Lockman863,1960-03-30,M,Leominster,FL,PLAN_BRONZE
98ec589f-fec6-99ea-8c69-4df45c0b3a77,Brice635 Ferry570,1971-08-10,M,Malden,MN,PLAN_SILVER
25e8dac5-c8bc-3dc7-d319-140d1da359c1,Donetta1 Bradtke547,2001-07-05,F,Worcester,CA,PLAN_PLATINUM
4acf924f-c7c9-e748-fbeb-d68681b510de,Emilio417 Partida347,1992-10-10,M,Chelsea,TX,PLAN_PLATINUM
75769925-0611-20c3-f2fe-51d0e4a2901a,Von197 Botsford977,2012-05-05,M,Westfield,GA,PLAN_SILVER
e37d530a-3b67-0a3c-0da4-ed338900d916,Rodrick370 Douglas31,1998-09-26,M,Sharon,TX,PLAN_GOLD
94866a7e-4ee3-a5a7-5109-6642068d6a14,Cruz300 Okuneva707,1982-08-28,F,Revere,AZ,PLAN_PLATINUM
edf82168-489f-1b3e-c1da-5956c19f4520,Nieves278 Flatley871,1942-09-06,F,North Adams,AZ,PLAN_BRONZE
1d9b5400-8fdc-1e8b-8f5c-546cc85383c3,Angel97 Jacobi462,1970-11-06,M,Cambridge,PA,PLAN_GOLD
342ba36d-53c8-1154-3876-fe69bf5e8225,Jayson808 Ryan260,1960-03-30,M,Leominster,FL,PLAN_GOLD
0898d650-cebe-426f-01c4-5ddf8b68ef6a,Mary779 Macejkovic424,1918-11-27,M,Northbridge,CA,PLAN_GOLD
194c23d2-5e47-f9e1-9716-77c19aa167b3,Mohamed943 Mann644,2017-01-02,M,Woburn,OH,PLAN_PLATINUM
5457eec5-b284-85e6-9c6c-1817a211c98f,Iola859 Volkman526,1976-02-08,F,Westborough,MA,PLAN_GOLD
e6178711-3936-e332-814d-19d8851e314d,Warren653 Ullrich385,1916-03-28,M,Springfield,NY,PLAN_SILVER
9e3f000c-d04d-ac28-0571-81b6af1e9fba,Mallory926 Lynch190,1986-12-27,F,Boston,IL,PLAN_GOLD
8fe59ada-2e62-232f-f602-1fa6315a36ad,Lon587 Wyman904,1967-02-28,M,Peabody,PA,PLAN_BRONZE
4ca51bbc-dd89-0142-9c53-1a8453a5bddd,Sebastian508 Zulauf375,1996-09-09,M,Quincy,WA,PLAN_PLATINUM
81271fc1-f27b-4a6a-49ca-f8d0ba9a55fb,Lavern240 Gerlach374,1980-04-04,M,Lowell,MA,PLAN_BRONZE
e260a0f6-8ab1-d483-cb3d-2093241b635f,So684 Ferry570,1949-10-13,F,Raynham,MA,PLAN_BRONZE
f9e8b3e4-1c3f-c662-a310-516d338ee41a,Morris740 Kuhlman484,1951-09-18,M,Worcester,OH,PLAN_SILVER
41998d9e-8d92-3272-1252-cabbd55696a6,Debora709 Conn188,1956-05-17,F,Cambridge,WA,PLAN_BRONZE
c4292552-ab46-dd25-c7ee-61596965f2e2,Jermaine675 McClure239,1965-09-09,M,Wellesley,FL,PLAN_BRONZE
751b24b6-7d65-fcee-0f58-b4144dc8ddbc,Charline650 Cronin387,1951-01-21,F,Weymouth,MN,PLAN_SILVER
1274aab1-2191-3796-dd29-d1f7f919d63c,Elwood28 Lindgren255,1960-08-21,M,Lynn,AZ,PLAN_SILVER
5919a110-2ed3-1f03-1e41-36245a92f6a2,Grady603 Rutherford999,1951-09-18,M,Worcester,GA,PLAN_PLATINUM
dee615ed-08f1-976e-1576-a2b2fd2dcfa0,Mariano761 Metz686,1946-07-18,M,Fairhaven,MN,PLAN_SILVER
9fe87de4-271d-0775-9319-858ac7f42a6f,Freddie621 Erdman779,1948-02-06,M,Plymouth,NC,PLAN_GOLD
b44c935b-8498-871d-454c-df0785874753,Avis183 Ankunding277,1953-06-26,F,Falmouth,IL,PLAN_BRONZE
85b3245b-919c-7552-8ab3-8fa82a35b178,Ulrike696 Bauch723,1978-06-07,F,Watertown,CO,PLAN_SILVER
53124209-6f60-0773-61ea-6580dc46b994,Herbert830 Renner328,1965-09-09,M,Wellesley,OH,PLAN_BRONZE
20553b9e-2375-883a-0d5c-ba8ff4eceb1c,Miquel905 Hettinger594,1960-08-21,M,Lynn,AZ,PLAN_PLATINUM
aeabbc7e-1f5f-91fe-ac34-52c1ceca0b6b,Claire652 Lakin515,1951-01-21,F,Weymouth,IL,PLAN_PLATINUM
a01f3f38-11eb-bf6b-02b6-26b8c38c6a0f,Mallory926 Hills818,1999-04-07,F,Wellesley,FL,PLAN_BRONZE
0f14bd45-9faa-6216-31b1-d46e7f73d4fe,Aurelio227 Wehner319,1970-03-15,M,Lynn,PA,PLAN_GOLD
cfe18543-90e5-87d3-7ab3-f4cf60850cc1,Esteban536 Moore224,1946-07-18,M,Fairhaven,PA,PLAN_PLATINUM
a3ccbf19-ad9a-7ae1-b926-ba3b0543fe1b,Jesse626 Senger904,1951-09-18,M,Worcester,MA,PLAN_PLATINUM
4b54af52-ee73-f8d0-beef-7c3d292b4ec6,Amee396 Hessel84,1953-06-26,F,Falmouth,GA,PLAN_BRONZE
ddb90603-4bab-3548-62b4-b3e98e309448,Tillie335 Legros616,1977-02-05,F,Littleton,CA,PLAN_BRONZE
3aeeb943-ef6a-cbdd-b356-46c3af0cb805,Chris95 Wisozk929,1949-12-22,M,Plymouth,MA,PLAN_SILVER
6243fe0e-167e-8fb0-58b1-a87b1090443e,Madge238 Jones311,2013-03-15,F,Whitman,NC,PLAN_SILVER
81a92922-827e-bc33-f4af-69c383f4cf13,Don899 Nitzsche158,1980-10-28,M,Boston,IL,PLAN_PLATINUM
67107cd9-d6ed-6020-e1c2-a16e8e613242,Sierra982 Marquardt819,1938-11-17,F,Plainville,IL,PLAN_GOLD
8206bd63-5dd4-cf3e-a29b-baa65e9a9429,Anja508 Jakubowski832,1970-04-22,F,Greenfield,FL,PLAN_GOLD
d515a84c-6dce-4070-8794-d59b7c5cf2ca,Jeff859 Wehner319,2011-10-27,M,Melrose,MA,PLAN_BRONZE
2a48a5b5-97d4-63df-1172-524a47bc49b5,Emilie407 Nader710,1966-11-06,F,Yarmouth,GA,PLAN_GOLD
25314ff5-8aa4-e3c1-e3d1-8947945764b8,Macie339 O'Connell601,1966-12-08,F,Norton,MA,PLAN_BRONZE
ba94f61a-0555-03dc-c25a-33b62cec09be,Marylyn194 Botsford977,1981-11-04,F,Somerville,MN,PLAN_BRONZE
4d270e33-418e-cae4-7057-0b366477ec76,Brendon298 Hermann103,1964-12-10,M,Worcester,NC,PLAN_PLATINUM
25c76c36-e3b2-ece6-70e6-028b0f152e1f,Delmy607 Auer97,1956-07-14,F,Belchertown,AZ,PLAN_PLATINUM
9a03c829-2cca-1d7e-fc47-82b3814eadfa,Cathi439 Hodkiewicz467,1969-06-10,F,Shirley,FL,PLAN_SILVER
75e3925c-8fb9-cba5-a5a9-2a144eb2ad5a,Ema785 Bosco882,1944-02-18,F,Northampton,FL,PLAN_BRONZE
94ece286-bfa5-d195-26a7-70ada019e082,Emilia403 Uribe503,1993-05-10,F,Boston,GA,PLAN_GOLD
fee59556-c971-ebeb-3c39-8fda3470501e,Foster87 Stokes453,2018-03-02,M,Sturbridge,WA,PLAN_PLATINUM
08886577-5a7a-7547-9249-4565e85d38b3,Dominga527 Kuphal363,1998-09-16,F,Belchertown,AZ,PLAN_PLATINUM
798f8865-ab80-0353-df73-b87b1d1f4b8f,Brooks264 Rowe323,2012-04-29,M,Chelmsford,CO,PLAN_GOLD
ee1a72db-aa92-9377-48fa-f7d9f1f8443b,Chung121 Stoltenberg489,1974-03-27,M,Lancaster,MA,PLAN_SILVER
05a464a6-172a-3ad5-f4df-6a73ce4ad12e,Otis335 Koelpin146,1956-10-12,M,Haverhill,AZ,PLAN_SILVER
d637aa7b-6fbc-ef23-c55a-d9c33b3d376d,Zona368 Koss676,1993-05-17,F,Amesbury,PA,PLAN_GOLD
65c925be-8fda-2bf1-6702-4fcbcb725628,Alayna598 Beier427,1969-06-10,F,Shirley,PA,PLAN_SILVER
e3ca21de-75e7-39fa-b0fa-fc4341e1c54e,Angelyn934 Mills423,1980-04-18,F,Holliston,GA,PLAN_SILVER
1c24cec5-666c-53eb-c347-151c9bafd16f,Rickie717 Nienow652,1990-06-11,M,New Bedford,WA,PLAN_SILVER
66b8b86c-78b6-85c4-f210-1b08d624a6d6,Jorge203 Kertzmann286,1994-05-23,M,Revere,TX,PLAN_BRONZE
947b0cd0-6fb9-24b2-4a72-2e418ff0eb65,Malena136 Bashirian201,1975-06-14,F,Arlington,AZ,PLAN_GOLD
3bdbba38-5748-915e-5dc0-7cdcf66754d2,Jackie93 Runolfsson901,2004-05-16,M,Whitman,PA,PLAN_PLATINUM
49b2eb30-3376-3e26-e774-08e40c0ca44a,Cythia210 Crist667,1960-10-23,F,Westfield,PA,PLAN_SILVER
28d9ebc1-9a62-4c80-019f-ff3e32229532,Olin642 Shanahan202,1983-09-27,M,Newton,MN,PLAN_PLATINUM
8c94d0d5-50f7-81df-e025-87ed3a46075a,Leda374 Swaniawski813,1970-09-20,F,Hardwick,WA,PLAN_SILVER
720f6209-ee05-b675-ee87-8de4b8d3919d,Shad704 Jones311,2015-11-01,M,North Attleborough,GA,PLAN_SILVER
41aa16da-a60c-243b-5f97-eae742c63c68,Drucilla444 Kshlerin58,1999-02-19,F,Boston,FL,PLAN_BRONZE
5a766b6a-5ed3-9281-386e-10c3fe75a263,Isabelle619 Runte676,1978-10-29,F,Sandwich,IL,PLAN_BRONZE
1b8984f4-0ea2-8bbc-2d7e-c04143277477,Leroy603 Rippin620,1997-03-20,M,Boston,CA,PLAN_PLATINUM
e4bbff5f-2cc1-66c7-00ff-4e194d02bf49,Leda374 Lemke654,1962-02-05,F,Leominster,IL,PLAN_PLATINUM
3685bf21-cf8b-669f-cc82-ba3f467087c8,Alvaro283 Altenwerth646,1979-02-13,M,Cambridge,OH,PLAN_GOLD
3e1a89ae-50ce-1b40-e1b6-2a9e9dcac7a3,Lawrence741 Boyer713,1975-08-18,M,Townsend,OH,PLAN_BRONZE
066f03fb-a5aa-5b53-d4a6-b31f5b44a29f,Porsha375 Spencer878,2000-06-26,F,West Newbury,OH,PLAN_SILVER
32e8a3ce-f1e7-5002-0cee-d74eed64442e,Russel238 Moen819,1969-12-12,M,New Bedford,WA,PLAN_SILVER
525ea6a8-91ea-4600-39a6-d6ef271d11ec,Antione404 Hamill307,2010-10-27,M,Easton,FL,PLAN_GOLD
c75b66ef-356c-8113-5460-1e942419b3cf,Tosha401 Kreiger457,1970-11-03,F,Holliston,WI,PLAN_BRONZE
8471f747-3d66-ed9b-9b34-277ca99303d2,Hugo693 Quiñónez764,1979-10-27,M,Longmeadow,NC,PLAN_PLATINUM
378931d8-1854-534e-a316-6ebaa62b9570,Ching589 Morar593,1994-02-19,F,Springfield,CO,PLAN_PLATINUM
ccd81797-18f3-cf40-4f64-f37b7b50d689,Miss492 Reichert620,1988-03-21,F,Wellesley,CA,PLAN_PLATINUM
9d02555e-0c14-7cec-d946-ec84ca30bce5,Vicente970 Gleason633,2005-12-27,M,Yarmouth Port,TX,PLAN_SILVER
6ede3346-0149-628e-0025-e2b9d3f54778,Concha418 Adams676,1975-04-02,F,Salem,WI,PLAN_PLATINUM
37ab5291-cc03-1798-2097-d35809156954,Neoma676 Powlowski563,1911-11-04,F,Norfolk,AZ,PLAN_BRONZE
f56514f4-c048-cf96-796a-d0ec65dbd6e4,Alyssa971 Hudson301,1947-09-05,F,Brockton,WI,PLAN_SILVER
e25be42f-7103-4d46-f926-f9eb6f6381b2,Marybeth994 Brekke496,1954-12-17,F,Chelmsford,TX,PLAN_BRONZE
361cf862-7199-0230-c62d-3a3319bdc1d6,Johnny786 Blick895,2019-10-02,M,Northbridge,NC,PLAN_BRONZE
6e24d314-c9ea-989c-f9de-bd89957fdd3a,Alexander630 Klein929,1919-09-08,M,Millville,FL,PLAN_GOLD
590ad7c6-6cb7-7181-bf1f-818e179c3edc,Janna498 Auer97,1912-10-07,F,Norton,OH,PLAN_BRONZE
b28a9876-7b93-c2d5-2c24-df5cefc848b0,Micheline936 Barton704,2013-06-27,F,Weweantic,AZ,PLAN_GOLD
b24f84f8-7adf-2b2e-dfb3-1c1c466d0a74,Barney639 Ledner144,2002-04-24,M,Lynn,PA,PLAN_BRONZE
2f877574-2528-9b88-4119-33f99fdd181a,Etta748 Sporer811,1989-03-18,F,Newton,NC,PLAN_SILVER
895c8e87-5ba6-c823-6f40-0e6b6341a09f,Carita426 Larson43,1968-11-09,F,Leominster,GA,PLAN_PLATINUM
3515e99a-c9ef-2628-6949-bf2ba1d74897,Alexandria361 Hilll811,2003-09-22,F,Lexington,GA,PLAN_SILVER
33ee607c-5afa-d4ff-85bc-3191531cf8c1,Chandra831 Gerlach374,1911-11-04,F,Norfolk,CO,PLAN_PLATINUM
fca626fd-ab99-57fb-ba8d-f0bad053788b,Aisha756 Kassulke119,1990-09-30,F,Millis,MN,PLAN_GOLD
d6ace85c-86db-1675-b131-1409fd859ede,Boyce638 Olson653,1963-07-01,M,Lakeville,OH,PLAN_GOLD
8bf91de1-4c40-442e-fc72-ca32b63a9d08,Sherron201 Trantow673,1912-10-07,F,Norton,AZ,PLAN_BRONZE
3e2e1a3b-59b2-9c59-c26e-2fcfe745b864,Charline650 Braun514,1984-02-14,F,Ipswich,TX,PLAN_SILVER
f93d0c19-72cd-0f7b-b8b1-e5ebf30a0283,Shandi937 Russel238,1972-11-04,F,Blackstone,IL,PLAN_BRONZE
8a0a7ec9-52d6-ee9f-f54f-f30c388860aa,Malcom15 Lang846,1919-09-08,M,Millville,CO,PLAN_GOLD
9a4502e6-fba6-707c-891f-5d525c98ae23,Michele387 Keeling57,1975-11-16,F,Boston,WI,PLAN_GOLD
c806f7fc-916e-3539-ca50-776b89f987a9,Veta780 Roob72,1961-10-01,F,Swampscott,NY,PLAN_BRONZE
b7b1bd04-5bdc-3ec0-9bc6-45a86930fb9b,Domenic627 Weissnat378,1990-09-15,M,Wellesley,OH,PLAN_BRONZE
36c63375-a5be-f2fd-5ead-457c203771ed,Ji399 Powlowski563,2009-03-22,F,East Longmeadow,IL,PLAN_BRONZE
93d970b1-94b9-8455-de35-0bcc1a45eb7b,Mariella503 Berge125,2003-11-01,F,Boston,CA,PLAN_SILVER
c05490c6-49eb-1c19-14e1-0da37eb3e937,Ivy932 Strosin214,1996-08-22,F,Rehoboth,AZ,PLAN_PLATINUM
b1d84e5c-1c09-c772-2ee1-ca095df0d435,Nathalie366 Reichel38,1911-11-04,F,Norfolk,PA,PLAN_PLATINUM
a03fbb92-ebae-8930-b170-5872d7e2fef7,Jamal145 Schmitt836,2002-12-22,M,Bedford,AZ,PLAN_BRONZE
45652f54-d755-1f77-5438-c99c8b6fa66a,Fabian647 Champlin946,1940-10-21,M,Woburn,CO,PLAN_BRONZE
abbfa35f-d330-3e74-cfba-5c0ad5a2166b,Loan904 Cronin387,1912-10-07,F,Norton,CO,PLAN_GOLD
6fc7b50b-61ff-9237-bcac-7b7b1d8606ab,Kieth891 Hermann103,1968-10-10,M,Beverly,WA,PLAN_PLATINUM
79e131ae-ef35-fe33-f806-df3c5ed41b11,Chiquita638 Schuppe920,1952-04-11,F,Northampton,CA,PLAN_SILVER
1fe68d61-36a2-f78d-b342-9b5012e903ae,Francisca486 Hammes673,2005-03-01,F,Worcester,TX,PLAN_PLATINUM
5052e0b3-d90b-e3cb-4e81-e3ba03482677,Mickey576 Oberbrunner298,1962-11-28,M,Wareham,IL,PLAN_PLATINUM
45a3f02c-149e-c09f-ca71-be5d33481bbb,India495 Bosco882,1911-11-04,F,Norfolk,OH,PLAN_BRONZE
26cb7b5a-300c-232c-435c-21fec62c6311,Damian46 Trantow673,1964-12-12,M,Newton,MN,PLAN_BRONZE
8470167f-f7da-8fb6-6972-45209f7b7842,Kristopher775 Strosin214,2000-01-05,M,Sandwich,OH,PLAN_PLATINUM
b7a5d15d-bbb7-2f00-061c-a07e5efc6a9c,Brett333 Heathcote539,1943-01-22,F,Chelmsford,WI,PLAN_GOLD
652b2ac8-8a88-4715-3d08-eef8c558a53f,Christen366 Cartwright189,1983-02-28,F,Lowell,TX,PLAN_BRONZE
98c5afd5-00e6-d2d8-db5c-405275c10c71,Erminia669 Lebsack687,1952-04-11,F,Northampton,PA,PLAN_BRONZE
00209bf2-8e4d-06d1-82a4-daad02f25829,Donnetta255 Beer512,1943-01-05,F,Lowell,PA,PLAN_BRONZE
3c26a41e-d1a5-45ed-6956-09bcefe3c08c,Lynetta635 Roberts511,1911-11-04,F,Norfolk,AZ,PLAN_BRONZE
23add813-11a9-abf7-f511-e3a7400ae578,Jennette837 Kemmer137,1983-10-18,F,Beverly,GA,PLAN_GOLD
6d448f13-ee6d-61a4-2123-a32120b274ae,Ja391 Mayer370,1912-10-07,F,Norton,MN,PLAN_BRONZE
91329ab8-b00d-db22-4c3e-12269e4f0ec3,Joaquina124 Boyle917,2003-11-23,F,Lynnfield,MN,PLAN_SILVER
98443e37-4d0f-4766-6c0f-92f2c0e62305,Mandy775 McClure239,1956-04-13,F,Lynn,CO,PLAN_PLATINUM
284ef746-0103-40df-9c1b-28870ec27d62,Pablo44 Rojo930,2006-10-17,M,Andover,MA,PLAN_GOLD
2a1d4786-435c-6633-3b6f-b555f5d3519b,Eduardo902 Barela183,2009-03-23,M,Boston,TX,PLAN_SILVER
d4be4998-9b0d-8304-1413-14c68377d114,Leo278 Thiel172,2008-05-27,M,Billerica,PA,PLAN_GOLD
7f2d1840-f991-e132-6614-40d219fb2474,Jeanne553 Pfeffer420,2012-04-28,F,Clinton,NC,PLAN_BRONZE
785e3f1f-b850-ab06-3f0e-39c860cf74fd,Justin359 Larson43,1993-01-07,M,Framingham,FL,PLAN_BRONZE
ef32a3f9-c68b-118f-27d3-b3d1b3f72214,Broderick767 Gerhold939,2003-04-08,M,Brockton,CA,PLAN_SILVER
79cac46d-5eb0-347f-1373-9ccfbc04fded,Diann220 Kub800,1981-06-10,F,Springfield,IL,PLAN_SILVER
c7f68404-660f-195e-555d-3e3ce3a4cd28,Kiersten731 Parker433,1959-09-26,F,Lawrence,TX,PLAN_GOLD
7a9c0e7a-c835-7b68-101d-190ddf573df9,Genevie117 Lueilwitz711,1911-11-04,F,Norfolk,GA,PLAN_GOLD
936d198f-ca91-62c8-4ed5-7e1bf4bf2725,Coretta598 O'Connell601,1971-04-02,F,Cochituate,NC,PLAN_SILVER
b6a7f9cd-340d-4289-ef69-12fdc928ad30,Temple691 Bruen238,1912-10-07,F,Norton,OH,PLAN_PLATINUM
8b831e48-9db7-f037-8b8a-e94be939d2ea,Elena945 Otero621,1923-09-06,F,Brockton,OH,PLAN_SILVER
9e6418bb-536a-82a7-ae67-b52375c3eac2,Alla648 Cummings51,1959-07-24,F,Rutland,MA,PLAN_PLATINUM
06629c1a-687d-5121-1e28-ae123c1fe647,Abraham100 Koss676,1946-08-12,M,Wareham,WI,PLAN_GOLD
fb6add40-7cd4-b320-e630-e0c2bd86c9c9,Hiedi833 Mills423,1952-08-21,F,Westfield,MA,PLAN_PLATINUM
eecca7cc-e5c7-1c3e-feb3-f8fb602b5efd,Owen89 O'Connell601,1948-11-05,M,New Bedford,MN,PLAN_SILVER
d47017f1-c334-f720-16cb-c1be6338b2d3,Dorian295 Huel628,2005-01-12,F,Somerville,CA,PLAN_PLATINUM
f2584626-5688-c47e-c8b2-f43a4134e837,Carmine137 Schinner682,1962-12-15,M,Foxborough,CO,PLAN_BRONZE
2346454f-bd4c-71c5-8f86-5c71d85f5dd2,Tom274 Frami345,2012-07-07,M,Worcester,CA,PLAN_BRONZE
35606b5e-5492-b8b1-25c7-085c406d0dac,Ariel183 Berge125,1979-05-30,M,Boston,CA,PLAN_BRONZE
bd7cc2ff-e160-e880-a29c-2fca1a3dd4d4,Amos720 Wehner319,1990-03-07,M,Wellesley,CA,PLAN_GOLD
70127d90-3c3f-6833-d770-2a86da5c3622,Rod343 Franecki195,1961-08-11,M,Halifax,WA,PLAN_BRONZE
08c062dd-284c-1b1c-3475-8122032000fc,Jennie425 Leuschke194,1974-08-10,F,Arlington,CO,PLAN_PLATINUM
6bdd9c1a-17be-8543-322f-91786c6af444,Sunni15 Oberbrunner298,1912-10-07,F,Norton,NY,PLAN_PLATINUM
6a5b7896-78b9-2b39-0219-a618a7562372,Dori98 Orn563,1911-11-04,F,Norfolk,MA,PLAN_GOLD
e43cd6c4-af6c-4be7-ba29-e5e893e7c73c,Branda994 Nienow652,2010-04-08,F,Yarmouth,MA,PLAN_SILVER
90ae6834-9260-8716-1ba4-00931568d7bf,Tamar361 Jakubowski832,1973-02-16,F,North Plymouth,GA,PLAN_BRONZE
520fdcd4-8d55-8a00-67b8-a0d61a50d9b5,Kelvin159 Funk324,1977-06-18,M,Waltham,AZ,PLAN_SILVER
cd312ebd-502a-0aff-a4a2-484f2b1927eb,Emanuel231 Gaylord332,1968-01-11,M,Boston,PA,PLAN_GOLD
02257002-550c-6de2-2bc0-0bb2bb497e84,Vito638 Toy286,1948-10-01,M,Concord,CO,PLAN_BRONZE
7c3602b6-35ed-df2b-3c8b-cb5b55689217,Danette111 Stehr398,1977-08-28,F,Boston,WA,PLAN_GOLD
df9f786a-f236-051b-ba94-7dd92e6a16ce,Laurena366 Leuschke194,1982-08-02,F,Barnstable,WI,PLAN_BRONZE
9724e8c9-3f30-702a-f75a-95082c024706,Gonzalo160 Botello137,2010-09-27,M,Westford,CA,PLAN_BRONZE
701fd194-0fb8-f535-6eb4-7dacd8c1bc38,Charla27 Runolfsdottir785,1956-04-04,F,Lowell,MA,PLAN_SILVER
38d96869-3e34-d6c4-9e10-eaa1468de9a8,Yelena240 Kozey370,2005-01-10,F,Mashpee,OH,PLAN_GOLD
7decf363-d260-555d-ffaf-a2c2833f39d6,Emogene884 Schroeder447,1988-05-15,F,Waltham,NC,PLAN_BRONZE
ef0de96b-3fd9-5be2-01c6-874c378cd727,Sheldon401 Kutch271,1970-10-21,M,Sagamore,WA,PLAN_PLATINUM
6dcdf9cd-efbe-c8c0-c633-ef255bc05ef5,Remedios388 Fahey393,1958-01-09,F,Erving,OH,PLAN_PLATINUM
f69c0b32-65cf-2de2-ca8e-16fc575c2801,Pedro316 Maya972,1964-04-04,M,Boston,WA,PLAN_GOLD
132baf63-cbc4-cfec-1772-d88d7762fc4e,Damien170 Konopelski743,2019-06-16,M,Brookline,CA,PLAN_PLATINUM
80d1297c-3281-6838-9bb4-69cadd701720,Lawrence741 Lueilwitz711,1990-10-24,M,Yarmouth,AZ,PLAN_GOLD
073967cc-9195-3de9-8ce1-e0cd81461da4,Otha286 Wintheiser220,1912-10-07,F,Norton,CO,PLAN_PLATINUM
27cb1c2f-4ec0-6e24-d080-e46178f712d5,Isabelle619 Wiza601,1986-01-30,F,Boston,OH,PLAN_PLATINUM
50253c1b-528a-3481-74a5-3a879de27675,Abel832 Dooley940,2004-09-23,M,Fall River,NY,PLAN_BRONZE
3a580919-26bf-fede-0908-33d23ba8fbc4,Kyle55 Towne435,1982-11-11,M,Canton,CO,PLAN_SILVER
bc9af01f-cf22-0840-da94-48fa2d310716,Berta524 Treviño536,1966-05-02,F,Lynn,WA,PLAN_SILVER
f75ea7e0-0e86-8de5-2093-c7ae709ab0c6,Maximina916 Lehner980,1934-11-06,F,Haverhill,OH,PLAN_SILVER
c509eb5c-27d4-e7f6-59f8-54c8e8997877,Candace369 Braun514,1968-12-07,F,Watertown,WA,PLAN_GOLD
3ccff3bb-35a0-bf09-e87e-ff16b4fd6a66,Reyna401 Kemmer137,2007-01-05,F,Plainville,WA,PLAN_SILVER
9be0edbf-60c3-cbd4-4e68-5d6000282684,Francisco472 Sauer652,2007-02-06,M,Lancaster,MA,PLAN_PLATINUM
509344d5-cb2b-036c-17a8-a1ddedb8528d,Pierre431 Witting912,2000-04-30,M,Brookline,PA,PLAN_PLATINUM
a8259641-ea43-ab98-3577-e1027c2dac2b,Ina660 Oberbrunner298,2001-07-01,F,Springfield,MA,PLAN_GOLD
96ed58ec-c61b-5357-87c0-908aa80319bc,Pablo44 Zemlak964,1937-03-27,M,Middleborough,OH,PLAN_GOLD
382bd5b8-f7b6-1132-b8fd-49ed4a44f6da,Ruby458 Cole117,1973-10-05,F,Topsfield,TX,PLAN_GOLD
bfc8a71f-2f61-d8fc-e2aa-615b1d4598d3,Deangelo7 Romaguera67,2014-07-11,M,Attleboro,NC,PLAN_GOLD
fdacb252-9528-be09-c6c6-ac9efee10380,Caleb651 Nienow652,1944-12-16,M,Lowell,IL,PLAN_SILVER
0cf08145-a634-329f-54d3-9cbd04ba18cc,Cathryn51 Reynolds644,2000-07-14,F,Plymouth,GA,PLAN_PLATINUM
76ddfad7-424d-d66a-30da-33c1ba147bc2,Nona876 Satterfield305,2003-04-04,F,West Springfield,IL,PLAN_BRONZE
ef010cf4-6db3-21c7-2c49-4435fe408745,Nicholas495 Heaney114,1981-07-13,M,New Bedford,CA,PLAN_PLATINUM
73de334e-d9f4-7500-4b9e-deef5067a008,Hollis7 Wisoky380,1962-09-10,M,Revere,OH,PLAN_GOLD
fc3aa467-2e84-d473-50cc-d6aefa6bd94b,Alysia661 Robel940,1955-02-08,F,Mattapoisett Center,NY,PLAN_BRONZE
cfe3bcd5-9b1b-3564-4a5d-028e16988bba,Reina25 Tremblay80,1964-05-31,F,Stoughton,OH,PLAN_PLATINUM
46413549-1fc0-bce3-4aa7-005e47c88eb1,Raúl937 Porras535,1973-03-26,M,Peabody,PA,PLAN_PLATINUM
9c532b25-cd38-f13a-f2de-2f5538326ed6,Quincy153 Conn188,1979-09-26,M,Tewksbury,AZ,PLAN_GOLD
cce90058-f5c7-79b8-1d70-aa6825e6089c,Jackson413 Veum823,1937-03-27,M,Middleborough,TX,PLAN_GOLD
3e078645-65f0-4863-8556-d076402382b2,Cornelia505 Gibson10,1963-08-16,F,Scituate,GA,PLAN_PLATINUM
236bc48b-5230-46f9-3725-a7b5274f4798,Alanna27 Daugherty69,2001-04-08,F,Framingham,CO,PLAN_BRONZE
79161603-dc83-d0eb-3728-8dffc0c3407e,Lachelle614 Tillman293,1952-02-14,F,Dedham,NY,PLAN_BRONZE
b3ab4196-c646-5d1b-a25a-cc750abfc4bb,Shaun461 Jenkins714,1988-08-20,F,Palmer,IL,PLAN_BRONZE
db2bac5f-730a-7f2a-a600-50d75bdf16c8,Rich940 Armstrong51,1958-11-07,M,Marblehead,PA,PLAN_SILVER
409330fa-7ffd-dbfb-4eba-2349d58a6324,Coy949 Schaden604,1979-02-28,M,Amherst,IL,PLAN_PLATINUM
cb328021-a854-dc94-e7ae-426580477308,Sherry479 Barrows492,1964-05-31,F,Stoughton,NY,PLAN_SILVER
41862157-5c14-f706-4a94-d2929be969e7,Vance413 Jakubowski832,1967-07-12,M,Gardner,MA,PLAN_GOLD
d53c57a5-4480-2481-32ee-b2844a991c9d,Cody889 Hilll811,1948-07-28,M,Mashpee,MN,PLAN_PLATINUM
cb1b2c74-d1c5-997c-6f8b-20ca9f332eef,Haywood675 Schroeder447,1958-11-07,M,Marblehead,WI,PLAN_GOLD
