provider_id,provider_name,specialty,npi,city,state
c23e8780-6030-37ec-8d02-8c6e3def10ac,Reginald96 Bruen238,General Practice,9135693300,LEOMINSTER,MA
3aade15e-5333-3c4e-86c5-aab3511bc8e8,Lesley194 Fisher429,General Practice,6125839431,CAMBRIDGE,MA
af6e425b-c7d0-313d-af54-ec0dcab69e3f,Ludivina884 Steuber698,General Practice,2382980776,ATTLEBORO,MA
b64820cc-13b4-3185-946b-a208b6f3b43a,Esperanza675 Escobedo608,General Practice,9029523036,LAWRENCE,MA
581cc2bd-9005-3008-8abb-299f40d36ca5,Wilfredo622 Medhurst46,General Practice,3561812142,CAMBRIDGE,MA
a5889e7a-5743-3fb1-9695-fe6f861ba1c1,Terrell212 Fadel536,General Practice,3495101114,HYANNIS,MA
dd775926-ae15-31ec-985e-a4a7a56a24f2,Almeta56 Carter549,General Practice,5211689979,NORTHAMPTON,MA
c01b8276-f9a8-3c4d-9119-dfc9d62cc0ce,Jodie811 Wintheiser220,General Practice,8479692271,GREENFIELD,MA
b7ccd823-5152-3c05-903b-7058f518495e,Margaret865 Herzog843,General Practice,7376177772,BOSTON,MA
998a448e-0cc2-35fb-a3fc-cba0a899c928,Nicolás801 Jiménez568,General Practice,4980515177,SOUTHBRIDGE,MA
701f23b0-fe1c-31b9-acf6-3bbe2b173716,Cecille691 Halvorson124,General Practice,2991935488,FALL RIVER,MA
da3170c9-722b-3ec4-b0a7-c8047575c63a,Vicente970 Kilback373,General Practice,2497513179,HOLYOKE,MA
5b252616-6725-3267-8f1b-f61c37b1f31e,Jerold208 Spencer878,General Practice,6046390790,NEWBURYPORT,MA
e17f030a-562c-3361-a3e1-376aaae2ba38,Franklin857 Bayer639,General Practice,6066446809,PALMER,MA
09486c89-6c53-3650-af60-9662cff4f733,Leslie90 Crona259,General Practice,6185854491,BOSTON,MA
e9b52e0e-d463-3d69-bfce-281c35d6d850,Dinah304 Schaefer657,General Practice,6806915244,BEVERLY,MA
b0c5743a-4f9a-33b3-bab4-6a474fcf9ffd,Ellan282 Jacobi462,General Practice,8258314654,SALEM,MA
560a86a1-8b91-360b-a9fe-f52abe01aa54,Stefania815 Leffler128,General Practice,8785980894,BRIGHTON,MA
4281fb18-acb9-3766-926f-817bd9469bcc,Russel238 Walker122,General Practice,7011274497,PITTSFIELD,MA
0e155ed6-c9aa-383e-bdc7-7986592967b1,Melvina326 Glover433,General Practice,4084111687,MARLBOROUGH,MA
95e359bc-9de2-3af5-8367-f8dcc84c823e,Louetta798 Thompson596,General Practice,6875378549,BROCKTON,MA
a18d9baf-6f37-3ef1-9580-5954bc406985,Eleonora961 Langosh790,General Practice,4922736729,CLINTON,MA
0bab5325-491c-326f-b1af-c28c8e4559f6,Ingrid581 Jacobson885,General Practice,2223951818,PLYMOUTH,MA
777e8216-0510-394b-a3d6-22b3f831ae11,Robbie31 Friesen796,General Practice,7821891463,WORCESTER,MA
584a32a8-2fc6-3c4f-947a-6b2c80851a1d,Dong972 Oberbrunner298,General Practice,4413498350,LOWELL,MA
7ab9dff2-d042-37ab-86fa-5dc1be732afc,Benedict104 Ziemann98,General Practice,9537399179,WESTFIELD,MA
c389231c-52b6-30d4-a8a9-002f09992142,Douglass930 Windler79,General Practice,5888759506,SPRINGFIELD,MA
faa87618-81eb-3ac8-923b-bf203be11e67,Damaris45 Borer986,General Practice,9791779195,MELROSE,MA
c4d2ed7d-e1b3-37e2-82f9-b21046309ba4,Antwan357 Harris789,General Practice,3864037133,TAUNTON,MA
f2ee2f6a-476a-3603-9848-b5773334fc00,Isreal8 Kihn564,General Practice,6475230798,FALL RIVER,MA
2023a799-2651-317f-942e-af7d42ced2d9,Harris789 Blanda868,General Practice,5119582789,BOSTON,MA
d4d970f1-3905-33d9-8649-26e971d07903,Margery365 Paucek755,General Practice,9645252394,SPRINGFIELD,MA
d912a775-b8b4-3ba1-ac3b-2e2d41885250,Denisse335 Schulist381,General Practice,7118119126,METHUEN,MA
5b05da30-d5c5-3c7f-81d6-b3378a3ff3c7,Jenniffer979 Ebert178,General Practice,4018107294,NEEDHAM,MA
b7b97452-4773-3e11-9334-7de44c5a59ef,Alix578 Lynch190,General Practice,4352928536,W CONCORD,MA
eb909aa8-80c8-399b-8e89-f79727b011e9,Trina350 Cummings51,General Practice,5176859897,BOSTON,MA
0a030f7e-8fd7-3cdc-9ba4-018ec94d69e4,Marcelene872 Mayert710,General Practice,4672879486,BOSTON,MA
e2d3a787-83d4-3bd9-a769-753b3285078d,Wilton999 Pollich983,General Practice,1285928306,MILFORD,MA
01e50ec8-8cf7-3f62-8c72-9bdc0453fcd4,Domenica436 Tremblay80,General Practice,8967780198,GARDNER,MA
93f8038a-2a88-3bb2-8ef2-a37b8dcf0854,Grady603 Green467,General Practice,6356568809,AYER,MA
dc6cbbb3-afe0-3bd3-a3fd-94a87e1ba0e6,Daren950 Nienow652,General Practice,6917046846,SOUTH WEYMOUTH,MA
f4d65590-22bd-3409-9734-71ffd19f4945,Darrick836 Franecki195,General Practice,1239930875,NEWTON,MA
aa2c2d64-bf7c-3eba-af47-ea9b5794c86e,Andrea7 Hirthe744,General Practice,8809222620,WINCHESTER,MA
8ff3babb-d294-3772-96a7-8c72307df38d,Marcos263 Arroyo916,General Practice,5983043457,MILTON,MA
c03a8c79-0ad2-3a62-8d9e-9c30fbe795d8,Abel832 Mosciski958,General Practice,6986368712,BOSTON,MA
bb49afa2-3d8a-306c-a06e-a1715dd71af8,Hal307 Renner328,General Practice,7911898106,BROCKTON,MA
1d60fcb3-5155-3ad0-82ac-9589f48c6ec4,Arnette709 Conroy74,General Practice,2153623283,BOSTON,MA
db26a5ae-8026-3002-b849-2f4f1d6f1cb1,Winnie378 Witting912,General Practice,6037778401,BOSTON,MA
d9983def-f9fc-3fca-8c6e-88d9aff27ce0,Loris321 Bradtke547,General Practice,4168034118,NORWOOD,MA
fc897c25-b2ee-30c5-a945-d0eb13a1f96e,Regena252 Kunde533,General Practice,1582107724,FALMOUTH,MA
8fb9c4b3-39f4-3bf0-ae07-1702054cdb81,Keven605 Mueller846,General Practice,3538721036,WORCESTER,MA
43b6d00b-7643-36f8-8043-456d4eda39eb,Demetrice140 Crooks415,General Practice,8209990211,BURLINGTON,MA
d54cdb71-e36b-3d50-a6fc-a99d54c8958e,Alta896 Schiller186,General Practice,7411432791,FRAMINGHAM,MA
1316ee2b-4541-350c-8d92-2e9cda532295,Aline709 Turner526,General Practice,8562160554,WORCESTER,MA
5b52fd6e-45b3-3d0c-93ba-8c8e282d9a3b,Leesa210 Lehner980,General Practice,7642357756,NANTUCKET,MA
85761314-d083-374e-96d4-2d892dfa00c6,Ginger664 Goodwin327,General Practice,5606722797,GREAT BARRINGTON,MA
ed4d8366-2eb4-3db7-870d-7977fc70a9dd,Shirl54 Ankunding277,General Practice,1663544849,BRIGHTON,MA
1e2c8eff-18b4-353b-ae46-844b81fdf14d,Adrian111 Murazik203,General Practice,9118046717,BOSTON,MA
9f529022-166f-3db4-9f92-ff1ba11ee565,Loma263 Funk324,General Practice,6767420242,SPRINGFIELD,MA
fb5a0e4f-fdea-3a2a-85a4-b6f3cfff2956,Linsey338 Hilll811,General Practice,3097303730,BOSTON,MA
0082cdc6-7774-3e65-afb5-5df6c85cb839,Reinaldo138 Zieme486,General Practice,5755957806,Bedford,MA
cc4e4c6d-a813-3548-a07e-f40d720b7683,Derrick232 Wintheiser220,General Practice,2262546007,Brockton,MA
62c53dbf-0f4e-3716-9bb5-cba7e411d7a4,Sondra191 Botsford977,General Practice,6280870428,Jamaica Plain,MA
c92f35d1-e0cd-330c-bd75-14d35632d459,Lilia791 Rangel145,General Practice,6787225012,West Roxbury,MA
49337d68-eeb0-37bd-9f94-81951076851e,Heriberto162 Smitham825,General Practice,7451899267,Leeds,MA
47370703-4a87-3561-87cd-da300ce11765,Lorette239 King743,General Practice,2542902267,Boston,MA
1bc29e06-ddc3-3312-ac3b-eb529ae41b09,Ilana185 Dicki44,General Practice,6001695391,Fitchburg,MA
0eaec6a0-2892-3af6-9939-14f72fb05d3f,Tanesha560 Schumm995,General Practice,8856002516,Framingham,MA
9bfda6c2-88e0-30af-ace4-443ea7b64128,Molly175 Macejkovic424,General Practice,1789773819,Greenfield,MA
f2d6c4d3-63ee-39ce-aaf1-443c6450ad21,Gregory545 Gusikowski974,General Practice,7292854300,Hyannis,MA
75548dc6-1212-3b32-b942-e255d844d773,Walter473 Volkman526,General Practice,9821105917,Lowell,MA
30ee3060-eed9-3580-8dba-549e60361025,Tera136 Tromp100,General Practice,9768784152,Lynn,MA
0bca8f98-abfa-30b1-9365-181773662ee9,Alleen813 Anderson154,General Practice,6858795386,New Bedford,MA
853d2d2e-ce50-347c-a032-640e658f6a01,Marcell728 Fritsch593,General Practice,1791413774,Plymouth,MA
c1b960b2-f15c-3f7e-9046-b762d22738cc,Ahmed109 Hoeger474,General Practice,2326757996,Quincy,MA
ccc1c3fd-3418-3658-9325-3cc6c6a085c2,Jeffie441 Zieme486,General Practice,6640739657,Springfield,MA
e2bc1767-4ad2-3990-9abf-7f2be0626c6f,Alexa171 Casper496,General Practice,4831193017,Worcester,MA
4b7703d1-77f9-3d51-b5d6-d22836aa2b44,Antonio44 Rice937,General Practice,9309778238,Boston,MA
b4169b74-e057-3be8-9e7c-9a12530d1f2f,Claud279 Braun514,General Practice,7904013815,Lowell,MA
cdf21099-26a1-3f51-be44-fe8ae7b4ce17,Josh874 Stamm704,General Practice,2502629282,West Springfield,MA
6fbdcbd3-cb12-3c96-b28f-4d63ce17f599,Artie871 Schultz619,General Practice,7932246305,Worcester,MA
5787a53d-a36a-30ea-bb10-ef2d930a6361,Melita22 Welch179,General Practice,8209489588,BROOKLINE,MA
f5ff2dee-9caf-3d16-be3d-3404409d6845,Sid118 Ward668,General Practice,3267913345,SAUGUS,MA
ac4873aa-57a5-31d0-bac9-676dd05d972f,Sun500 Ledner144,General Practice,1757849426,WEST BOYLSTON,MA
aff944f2-9915-3a86-9c7e-18f2740cf80a,Monica757 Feest103,General Practice,1817243034,FRAMINGHAM,MA
a3c90134-f777-3ddf-9b15-e3bcedc91c09,Mose244 Batz141,General Practice,7682237739,WILMINGTON,MA
9543aca7-ec44-3d13-b4ff-1341b65e0399,Harley673 Runte676,General Practice,9066259655,BRADFORD,MA
0c1fbe19-fbd2-3af3-95b6-d403d251d028,Clint766 Marquardt819,General Practice,7310013859,HADLEY,MA
248a43e7-4864-3c00-a25b-a08e247a681d,Jacquline932 Windler79,General Practice,5089855456,NORWOOD,MA
033f0d87-5a4f-3ae8-9c6d-0e97acce4145,Daron260 Blanda868,General Practice,7737071300,METHUEN,MA
b51c65c3-56bf-3321-87e1-3f576feffd9b,Frederica279 O'Keefe54,General Practice,8569206476,AMHERST,MA
f4ac3677-59c0-3eca-b827-f01d04494326,Henrietta324 Koch169,General Practice,4796272269,BROOKLINE,MA
6b73ab4b-bbac-3584-8dbb-fbab8db989ee,Garry927 Daniel959,General Practice,4271034708,JAMAICA PLAIN,MA
c8b5d574-c1dc-3d2a-9217-d9bd3ff2d519,Ingrid581 Funk324,General Practice,7000667030,PEABODY,MA
d000dd19-6374-3930-9370-23a29b8e3f59,Hilde556 Huel628,General Practice,3319281113,ORLEANS,MA
1023c5f5-8863-3549-8a9d-dd6270f627e0,Sheree902 Murazik203,General Practice,2817077991,HINGHAM,MA
7cc0b163-be2c-3126-920d-2b0d628a8058,Stan246 Robel940,General Practice,4433404433,SOMERVILLE,MA
6636bc42-e366-34bd-9b3e-14bbeccf3d50,Guadalupe206 Durgan499,General Practice,9013327444,TOWNSEND,MA
50690462-a9bf-3558-863b-6141ad955822,Dorsey40 Jast432,General Practice,6339034294,DANVERS,MA
1f9664d5-69e5-3cd2-b96b-5461cb28549b,Zelma45 Conn188,General Practice,5107098366,BILLERICA,MA
baecf064-422f-34ed-bd90-f9384ec3a6e7,Lady554 Terry864,General Practice,8215129344,SOUTH DARTMOUTH,MA
8319024b-9cdf-35d9-af7b-fa7fc7c4cfad,Crysta430 Lakin515,General Practice,6812092821,WOBURN,MA
ca69dd2a-c7c9-3f2f-a900-6d88c6a3a02f,Kathrine376 Leffler128,General Practice,6123144776,SHIRLEY,MA
7912a24d-f63e-343c-b39a-8bfa7672ec8c,Wilton999 Greenfelder433,General Practice,8764039053,NORTON,MA
e80a6439-7e16-3ec6-9406-34b4898dce9a,Donte636 Purdy2,General Practice,5069249151,CARVER,MA
8cebcdb5-c6c9-35d2-a4ff-2b805a9676eb,Michal596 Lubowitz58,General Practice,3281929647,LYNNFIELD,MA
00b2a63e-a2af-3d37-81d3-8a8c768ad62b,María Teresa440 León820,General Practice,1901961258,GROVELAND,MA
fbe82fa6-e520-30a4-9113-49190405457e,Gala823 Grady603,General Practice,8300491777,LITTLETON,MA
b2d253db-1d88-394a-8fb8-0ebcabd977d0,Esperanza675 Peralta301,General Practice,1804082135,BROOKLINE,MA
3a0e2752-40d2-3bd9-99ba-42f7864af14e,Aurore252 Gleichner915,General Practice,3622517043,SAGAMORE BEACH,MA
b3cee723-ec08-3225-ac24-109400fbbd6c,Mi492 Hyatt152,General Practice,9328746570,YARMOUTH PORT,MA
a3995685-8a4a-32f0-875e-843243499690,Ralph813 Conroy74,General Practice,6830818366,MANSFIELD,MA
3af28ae8-92b6-3fec-ae03-f9b08965d881,Rashad361 Rolfson709,General Practice,8782578566,STONEHAM,MA
c4af5998-0b34-303d-a09a-458cd8139e79,Minh326 Kris249,General Practice,4799277367,BOLTON,MA
254df036-89f7-3195-a7d8-3dc56fed0697,Pasquale620 Hermiston71,General Practice,9931912239,UPTON,MA
e7c2c8f3-15a5-3348-a5c9-7a5aa916c370,Angelia425 Runolfsson901,General Practice,5718279353,SALEM,MA
ef028ef9-869b-3ad2-8fe2-015c8003bb97,Mei233 Nitzsche158,General Practice,4111654487,HADLEY,MA
8f247cbd-2bfb-3ce1-a612-ae8218322746,Gerry91 Ward668,General Practice,9871008494,BROOKLINE,MA
9047da01-43ab-36d6-bfaa-7a5b40024179,Colene948 Wiegand701,General Practice,5318699066,WEST SPRINGFIELD,MA
a3c1d27c-19c4-3be5-9f2a-52d1e92d85a8,Ahmed109 Rippin620,General Practice,4912605201,HANSON,MA
4317b97c-3c1c-316c-a932-6ac78d558a9a,Magaly973 Pacocha935,General Practice,3550061455,MARBLEHEAD,MA
c127fd6f-3a30-33a8-97c3-e175d1a78023,Isaac321 Nicolas769,General Practice,1418150960,SUNDERLAND,MA
c2efc0bd-1b96-34fb-93d9-b5c8336ade59,Mazie442 Howe413,General Practice,8667935216,FALL RIVER,MA
91663ca2-e0a8-3b43-b819-5583d05f2990,Krissy321 Pfeffer420,General Practice,2637780229,SOUTH ATTLEBORO,MA
cd5048f7-df3e-3b51-9373-95e8f7db951a,Keith571 Shanahan202,General Practice,4112139234,WESTFORD,MA
6d1211e0-8f80-32cf-8315-f9ef70754ca3,Rebecca981 D'Amore443,General Practice,4524942536,BROOKLINE,MA
fcd508c7-7c75-344c-a359-f961234f9917,Rusty501 Hegmann834,General Practice,5403002327,BRAINTREE,MA
3668aa28-6f16-37b2-862a-89cd743a220b,Phuong301 Thiel172,General Practice,6021680371,PLYMPTON,MA
22e7c415-38f1-3fed-876a-784ee973415a,Lauren941 Ankunding277,General Practice,4956924353,RANDOLPH,MA
47f1c3d4-d04e-3998-ab2e-17797817b187,Polly738 Wyman904,General Practice,2320377108,ATTLEBORO,MA
5d09dc30-133b-36b2-a9da-733774cbe9f3,Lavern240 Carroll471,General Practice,1603732424,CHARLTON,MA
56e8500d-bbeb-3c05-a93b-d31e1f01a217,Asuncion264 Schultz619,General Practice,5378310942,CHELSEA,MA
20503e87-08f8-3030-9bba-c8f23395e53e,Carey440 Dach178,General Practice,5722737007,MASHPEE,MA
c6706657-7b34-3190-b043-d6dec0c98b1d,Deshawn686 Lebsack687,General Practice,8221044220,WINCHESTER,MA
f7be1a87-059a-3528-9fd7-f9860401563d,Tonya123 Bogan287,General Practice,7056333866,QUINCY,MA
7868f50b-8732-304c-94ff-5b045ab06963,Leesa210 Grimes165,General Practice,9919898928,BRIGHTON,MA
20658285-a8ea-3d94-a470-13af12361f19,Kera17 Murphy561,General Practice,9098611842,DOVER,MA
304b7d85-5040-3645-9655-c01092ec95a9,Syble581 Kutch271,General Practice,6759261224,BROOKLINE,MA
c560315e-7f0d-3ef1-9821-fc20212395b1,Carola944 Rice937,General Practice,5760574855,LEVERETT,MA
5c6124a1-8deb-3b33-8456-729567e591ac,Jere230 Renner328,General Practice,8134937192,SHERBORN,MA
ba59f194-485b-3cbd-bf7e-0382a915b227,Laraine204 Mohr916,General Practice,1450632092,ARLINGTON,MA
b1070452-0715-3387-847c-dd5b41b57b86,Ricky354 Mann644,General Practice,2895962424,FLORENCE,MA
7e471144-80da-3574-9e20-a11453f6a5f1,Sharyn437 Donnelly343,General Practice,3745499833,ADAMS,MA
86804456-4742-3a5c-aa84-b6cc434c24d3,Darrick836 Ryan260,General Practice,5102805623,QUINCY,MA
71363f46-bde4-37a6-9ea1-5c5675528980,Ozzie259 Bahringer146,General Practice,2905508034,QUINCY,MA
fe166c22-09dc-30a1-89f8-fae5b928d3b4,Tyson541 Goodwin327,General Practice,6441345556,CAMBRIDGE,MA
698d3cf4-a480-3c09-ab2a-4698384d701a,Morris740 Bode78,General Practice,6333889478,BURLINGTON,MA
103f2c22-dd7c-3c1e-a1dd-e8fd9bffb5b3,Maia476 Cassin499,General Practice,5734610082,BROOKLINE,MA
320d3d09-ec75-3037-b7db-070cf4ee81f4,Gail741 Wilkinson796,General Practice,1157136252,SHREWSBURY,MA
493c3ceb-4f5a-3a0e-bc28-5949463805a1,Madelene819 Pouros728,General Practice,8605373948,NANTUCKET,MA
a0f5d351-ee90-35ce-9149-e5b2a1bb5b1f,Nicole384 Schneider199,General Practice,3646330277,BELLINGHAM,MA
7622cff2-71da-3de0-a4b0-39c11d8089c4,Ramona980 Kunze215,General Practice,5033930050,NORTH DARTMOUTH,MA
d75332c7-7821-3af9-9ae0-a7a76230667c,Emile522 Runolfsdottir785,General Practice,5084934679,LEXINGTON,MA
4d690973-5925-37fb-97f9-43dccca97920,Kristan816 Kuhlman484,General Practice,4442071200,EAST DENNIS,MA
21c3c997-5e2d-33e3-b269-d57dc34a70ab,Leticia253 Uribe503,General Practice,1529447783,AMHERST,MA
6ffe1035-6933-3444-8b10-e57e3421f445,Tereasa291 Herman763,General Practice,2399057634,NORTON,MA
2f131658-ae00-3af7-9efb-b0314bbee672,Major265 Wolf938,General Practice,5572519994,AMHERST,MA
55a4df97-df52-3cf4-8274-62b93dc156bf,Dusty207 Schultz619,General Practice,2950708440,BROOKLINE,MA
4220349b-6c6c-3871-8e30-8fcbd23f2d9b,Ellis535 Predovic534,General Practice,4472745335,ACTON,MA
6c7fbc8e-9aca-3a65-9b8e-1e7d4676c6fb,Todd315 Lindgren255,General Practice,2405030344,PITTSFIELD,MA
ddd33fba-c614-39dd-801f-094e5248e14a,Ocie984 Berge125,General Practice,8874530368,HAVERHILL,MA
aae1f924-b352-34b0-b7ce-e8c6cc1f0f08,Preston275 Emard19,General Practice,1458856474,NEEDHAM,MA
728936f0-442b-3c4e-9f2f-b2061d1b65fb,Jesus702 Parker433,General Practice,2032881888,CONCORD,MA
f439dd46-bc2e-327a-b44f-808b446c5b1b,Artie871 Johnston597,General Practice,3734485771,MARBLEHEAD,MA
8f3e3609-69ac-3bb6-84ee-705b1c7ab28e,Sharell873 Robel940,General Practice,8032301882,MILLBURY,MA
6f8c8513-da0f-3344-ad4c-7ef2e378c1fb,Delena885 Herzog843,General Practice,4504409985,SPENCER,MA
ff777740-5b01-3062-abb2-f40518c0376a,Maile198 Heathcote539,General Practice,1396766382,MONTAGUE,MA
23f9e430-e3c8-3fcd-a074-6bb4e228e560,Marketta481 Bernhard322,General Practice,5829835297,CARLISLE,MA
3e9a82c0-e3c3-36eb-96f4-07a8c144f46f,Stefan297 Bauch723,General Practice,1347799237,NEWTON,MA
6b1aeff0-5d4d-3b8d-99d7-3e3045e51d3e,Manuel446 Nader710,General Practice,3614275211,WEST ROXBURY,MA
471d5ac9-c86c-38a6-93c1-e8738a87db38,Leroy603 Auer97,General Practice,7927171514,LYNNFIELD,MA
165fa4d5-bf2f-30f1-a3f2-991484e979aa,Isidro558 Collier206,General Practice,6043350116,N ADAMS,MA
1db42c2e-c386-3d08-b6d4-bcf83822d3b6,Kyla51 Barrows492,General Practice,9500389127,WESTWOOD,MA
2e22a0c0-80dd-3346-abe1-b8f208a970b0,Tesha491 Swift555,General Practice,3293809062,MARBLEHEAD,MA
c36860de-3848-3cf9-94f1-6354fe6abb0c,Soledad678 Johnston597,General Practice,3700548673,SOMERVILLE,MA
967f75ad-4186-3539-abaf-6a0de56995ce,Jeri234 Blick895,General Practice,3223066366,DOVER,MA
f8771df3-d77f-3c5e-818e-c0fdbdbda843,Chet188 Denesik803,General Practice,4934864201,NEWTON,MA
d1b61be5-efbb-3794-b46a-6e99b49fba24,Willard975 Walker122,General Practice,6969959593,BROOKLINE,MA
55cb6db4-e2d7-3e6d-814b-06aa6a47dcf7,Moises22 Hermiston71,General Practice,9568759006,SHREWSBURY,MA
e0f6edb5-edb3-3d37-a1a1-439206f4ca5b,Sidney996 Yundt842,General Practice,7538286837,QUINCY,MA
3a164d92-affc-3bc5-9602-c378fedcc997,Sindy229 Boyer713,General Practice,7560227646,DEDHAM,MA
762cc343-8f51-3e6e-b40d-673025d26d73,Darrin898 Mayer370,General Practice,7593352051,YARMOUTH PORT,MA
ce716129-9864-3737-9980-7ea3b699b86f,Kenneth671 MacGyver246,General Practice,5914572661,INDIAN ORCHARD,MA
d6a72657-4ba3-3ffc-874d-ee4915de62c9,Nicole384 Dooley940,General Practice,7495199464,PLYMOUTH,MA
d2ad9e73-0c79-3d7b-8192-121587dc419e,Sophie40 Carroll471,General Practice,7721420873,BROOKLINE,MA
5618ed63-aeee-3517-bb7f-63419169ef30,Jack927 Goyette777,General Practice,9325132511,BILLERICA,MA
c6251977-e085-3fff-bd79-427f58920de0,Earl438 Jaskolski867,General Practice,9440017073,MEDFIELD,MA
fa43257e-cd51-3413-a8bc-bfeb512f05bd,Leif534 Wisozk929,General Practice,1484540023,SAGAMORE BEACH,MA
3fb008c1-f3f4-359c-b8c3-83278ee1c05b,Marcela739 Mateo562,General Practice,4161056167,LOWELL,MA
25b1379f-f815-3a1a-bd3f-d092a255da0d,Raleigh478 Homenick806,General Practice,9794529669,MELROSE,MA
e75698de-c9dc-360a-adcb-776030a9870b,Eric487 Satterfield305,General Practice,8552325766,NO FALMOUTH,MA
7a1bdf33-5870-357a-91bc-db41d18f4d1f,Nedra260 Waelchi213,General Practice,2397369992,HYANNIS,MA
974b32e0-69a5-30c4-9ee2-7e5661b8f31b,Spencer878 Jacobson885,General Practice,8609599313,SOUTHBOROUGH,MA
9556560b-54f3-3b4c-9b84-6e688439d34e,Blaine377 Medhurst46,General Practice,4716985618,IPSWICH,MA
8ea4414a-7675-32ab-8474-8ca49bff531e,Adeline686 Pacocha935,General Practice,6000523467,NEWTON,MA
ab5a5967-6125-36b9-bdcc-ec5b224d407a,Xavier983 Tromp100,General Practice,7211682615,SHELBURNE FLS,MA
531db1d2-75d9-39f8-952c-3ecc389ad47d,Karina848 Buckridge80,General Practice,1564381265,BROOKLINE,MA
624af36d-ac77-318e-8ff1-8b94b0a1de2b,Blanche121 Wisoky380,General Practice,1562268781,ESSEX,MA
a811f3bd-cd37-3dc6-a60a-bcbd57546577,Brittani427 Beahan375,General Practice,8756334145,WENHAM,MA
aedf76e3-2bab-3142-9d8b-377185f6d45b,Jayme42 Ryan260,General Practice,3714273504,CENTERVILLE,MA
bc1653a0-fd93-34a5-b63a-ccfd4bce7a3e,Mitzi535 Schimmel440,General Practice,2143232574,LEOMINSTER,MA
ef40fe70-bc29-396b-819a-8c86d471f74d,Herbert830 Jakubowski832,General Practice,5113004183,WATERTOWN,MA
127ae8ac-0d8a-3256-9b97-ca51c6bd6d1a,Winfred745 Murray856,General Practice,7807482347,MARION,MA
3be908de-f7c0-3b2f-86da-8508aea3968d,Veronika907 Pouros728,General Practice,6093815264,GRANBY,MA
deb4551e-2e38-3703-9e7d-f16bad81fd1c,Lilli892 Schuppe920,General Practice,8916457279,QUINCY,MA
54602a35-8e9d-3855-9d5a-539104e14f2c,Jammie261 Hilll811,General Practice,1769113423,HAMPDEN,MA
1dffb0d2-f416-3941-96cd-850e0484337a,Santo387 Waters156,General Practice,6179166006,WESTFORD,MA
1b94f032-d399-321a-92ef-d7383a5b8f91,Felix524 Gutmann970,General Practice,9133025572,WELLESLEY HILLS,MA
bfa16a3e-978c-31f2-9628-7e8b041f47d5,Jesus702 Kessler503,General Practice,8294376334,MEDWAY,MA
3365e37c-d394-35cf-a524-d6c15b33c6e3,Moshe758 Rosenbaum794,General Practice,2808706570,WORCESTER,MA
1e4c365b-b50b-3cb2-8bcd-cafeab4c57be,Jess275 Nienow652,General Practice,4075321316,MEDFIELD,MA
99bca757-9e5d-396b-b1bf-421957d3357d,Vaughn909 Berge125,General Practice,7184321424,MARSHFIELD,MA
e238eb6b-939e-37e2-83d6-850399e5c5a4,Jeffrey461 Schuppe920,General Practice,5633184668,BELMONT,MA
13f0cc17-c2ea-3845-9d5e-fdada3f63350,Tena12 Hackett68,General Practice,6426673816,BROOKLINE,MA
93ab0e89-d8d7-362c-8d9d-10cba2ffd3af,Adrien235 Cassin499,General Practice,9279331601,LITTLETON,MA
ae34293a-f4c0-3367-90d5-c55c2463d2a3,Anthony633 Wolf938,General Practice,6959637532,BELMONT,MA
2353f8b2-8b3f-36cb-ab4b-5af3795a6e42,Fawn386 Stehr398,General Practice,2668541613,LYNNFIELD,MA
35767ef9-53b2-30fd-8b8a-210c84802824,Calvin845 Hartmann983,General Practice,8400003424,MILTON,MA
1fb4e7b2-6147-36e3-ae12-c73e416c8027,Jeremiah751 Stiedemann542,General Practice,4839057680,GLOUCESTER,MA
019847d9-0ecf-3542-8d08-d657a8dbe665,Kristine579 Treutel973,General Practice,5567543794,COHASSET,MA
0edf0795-189e-31cf-880c-48b4246648f4,Normand813 Doyle959,General Practice,8293966843,LEOMINSTER,MA
4c8be70f-491c-3485-81d3-e1053a4cb5c3,Malissa448 Mayer370,General Practice,2235788312,PAXTON,MA
c4c2de75-8c20-3a72-857b-bd170c475921,Maryam561 Dickens475,General Practice,1084255164,QUINCY,MA
81b11eff-d3a1-3a3a-8f09-9b7edba53630,Patrick786 Kunde533,General Practice,7284570567,CAMBRIDGE,MA
f7af85c0-7907-3fd2-a341-807ac5fd9029,Madge238 Mills423,General Practice,5007453226,SHEFFIELD,MA
6f7b56d2-fd96-3b8b-ba75-9d617e08ff4d,Jewel43 White193,General Practice,4240028209,REHOBOTH,MA
11b76fd3-4db1-3ee3-86aa-b9f6af6e992e,Sherrill767 Bartoletti50,General Practice,3437746433,BROOKLINE,MA
81e75fc5-2f9e-34a1-a45a-621885602fab,Germán350 Sanabria449,General Practice,2142769568,EASTHAMPTON,MA
c80fee9e-98ea-3524-87cb-6ace4df77ecc,Kendall673 Macejkovic424,General Practice,5449398435,BROOKLINE,MA
7d088e5c-a3ff-3d0d-82f7-8b01d168e157,Torie475 Cartwright189,General Practice,8944979676,CAMBRIDGE,MA
d21c5447-23da-37d9-aa10-ccc43c11db64,Gabriele201 Breitenberg711,General Practice,3196098926,LINCOLN,MA
f067ef43-6533-33a5-ab03-d3713c640e9d,Cristina921 Rodríguez701,General Practice,5747837629,WESTPORT,MA
1c9ff575-b02d-33c0-a1ef-8c0d87875ac4,Kandi717 Lang846,General Practice,1302077248,ANDOVER,MA
bf80af75-3bf8-3c1a-993c-9e4e84fd2c46,Alva958 Collins926,General Practice,7915795121,SOUTHBORO,MA
bd2362fb-8d4e-32a8-abcd-aabffa9f3887,Dione665 Emmerich580,General Practice,9863702816,NEEDHAM,MA
7b170e8c-545a-33ba-8cfd-c9e1f5440d52,Elwood28 D'Amore443,General Practice,2753087213,DUXBURY,MA
14bb992c-45ae-3e51-983e-866614d0bf39,Stewart672 Stamm704,General Practice,6166307279,SANDWICH,MA
36a953a4-2df6-38a4-b8e4-d620d1e0bc74,Glenn0 Legros616,General Practice,9332256802,CAMBRIDGE,MA
5c9c9892-6091-30e0-a36b-2aa29294e3d1,Pearlene638 O'Kon634,General Practice,6415898332,BRIDGEWATER,MA
9b94903c-22a2-35a9-a851-c8867aa8dd4e,Ashli227 Medhurst46,General Practice,2631045735,MILTON,MA
75c373e1-15cb-383a-a68c-fd63596516fe,Matt836 Jerde200,General Practice,8665622580,DARTMOUTH,MA
11365d94-6143-3be0-8a4e-81285990c30f,Agustin437 Mosciski958,General Practice,9208800789,BILLERICA,MA
fa873c5d-5516-3469-8a26-340700ca4ae0,Melvin857 Renner328,General Practice,7453022796,BELMONT,MA
b9d66f3f-3afb-3135-a392-8f9b7fdc95fc,María Teresa440 de Jesús414,General Practice,6723538994,WRENTHAM,MA
1ece3bdb-8f96-3008-9a1e-02ace67168a8,Dewitt635 Schultz619,General Practice,1941382663,MANSFIELD,MA
799a22f5-f0bc-31c1-8c71-a987032fecdd,Season349 Flatley871,General Practice,2160643885,LAKEVILLE,MA
b833c925-b2d8-3fc9-8d55-15b983e7e0a1,Nickolas58 Ward668,General Practice,1002017219,SHELBURNE FLS,MA
8ee51b02-9339-3957-be25-41cde546326e,Lakiesha286 Gottlieb798,General Practice,2442638576,NORTH ANDOVER,MA
9037d0de-f81c-3e3a-8b84-22f11681635a,Troy560 Skiles927,General Practice,3401284686,HADLEY,MA
212f9c80-ec44-308d-ae27-d39be36c222c,Blair400 Hackett68,General Practice,6975371082,MILTON,MA
217d442b-f208-3c28-8ada-966f747d3b21,Saul605 Casper496,General Practice,9431093649,E WAREHAM,MA
41d90111-6bb9-3b6e-acae-addf0eef0805,Macie339 Kovacek682,General Practice,5052879666,CAMBRIDGE,MA
ceeee984-dac2-3d0f-b5d6-42b16694f1fd,Bradford382 Greenfelder433,General Practice,8907154998,LEXINGTON,MA
c52957a4-df60-37f9-a7b5-8dfc31be83b3,Wilbur107 Kirlin939,General Practice,9809847724,WORCESTER,MA
9f9cc5a3-d30f-3a80-8b70-f70e1c740e76,Diedra595 Sanford861,General Practice,4529167382,STONEHAM,MA
bc73d890-022d-3b73-a7a8-d2aa818fcf2d,Pok428 Spinka232,General Practice,8345595705,HOLYOKE,MA
6e9023b8-dcd0-35f9-940e-8c77c712d78c,Lindsey52 Kshlerin58,General Practice,6627476039,EASTHAMPTON,MA
14bfd9ee-6527-3e21-b1a4-8b308dec865e,Season349 Bosco882,General Practice,3929699092,SCITUATE,MA
a22ed47f-9842-32fb-8fed-7c00809ea4ff,Renetta865 Lakin515,General Practice,4652460458,LAKEVILLE,MA
dac3b612-2ba2-3503-b55d-c4196b904c6e,Devon268 Becker968,General Practice,8217290198,QUINCY,MA
763d299b-77e5-3910-b85d-84b4680080ab,Rosario163 Metz686,General Practice,5672380168,LONGMEADOW,MA
9e6d07ac-cecc-3e2e-a974-95514672d56d,Shay725 Homenick806,General Practice,9323639650,EVERETT,MA
eef253e9-aef0-327d-a95f-56f80005d277,Dewitt635 Durgan499,General Practice,6318142397,AMESBURY,MA
50c0cf0c-e4a7-32cf-bfce-091bb1cefaec,Bella510 Pfeffer420,General Practice,9454417782,SHERBORN,MA
c34f9b9d-9cc7-3b52-8c7f-3f07127fa15b,Norman647 Mraz590,General Practice,2300951973,MENDON,MA
51913652-92ab-3281-8f4f-a668b434e571,Elmo857 Johns824,General Practice,2402386339,SHARON,MA
6e4b305d-d36a-30df-9657-fb8fe92a1cbf,Suzette512 Stoltenberg489,General Practice,9486917678,W SPRINGFIELD,MA
0274713a-a91f-3505-92fc-4b6b0de1dde7,Margert370 Wehner319,General Practice,7991384201,TAUNTON,MA
8b55f6b8-f80e-382c-a699-226eb3d684e9,Omar359 Mohr916,General Practice,2749666003,BREWSTER,MA
c06a8fba-479b-3399-9628-61d6b444c924,Tanner110 Weissnat378,General Practice,2139137579,WALPOLE,MA
0e9aeb2d-b6c1-3936-8b78-366962d20c5b,Luvenia178 Ortiz186,General Practice,5563526153,WESTPORT,MA
27ad5c04-3f7a-3f0d-96b7-19cca5bb0478,Nelida367 Sauer652,General Practice,8568340724,NORWOOD,MA
dbf0f9d8-a286-3567-b0c9-11d096b63027,Ernest565 Konopelski743,General Practice,8803252013,LEICESTER,MA
4a0b16d8-1577-3cf9-8be2-1cf0ee8db5eb,Spencer878 Witting912,General Practice,5409843231,CAMBRIDGE,MA
4146cb90-8a4e-3432-a82e-efd3856accc1,Kendall673 Flatley871,General Practice,1174776305,RAYNHAM,MA
8f8587d8-4b64-3cee-80db-932cbf8743fb,Sheryll569 Yost751,General Practice,8658823143,RAYNHAM,MA
a093e6a8-36dc-3a99-8ad2-9af51bdc9294,Latrice352 Boyle917,General Practice,8615863320,MALDEN,MA
542a9af4-93b0-3a27-82ae-c945ef950434,Leonor133 Watsica258,General Practice,5296452826,HOPKINTON,MA
e9c0ddc3-cbba-345d-8ff1-173aed7938a0,Reed154 Zemlak964,General Practice,6228855699,METHUEN,MA
7a690bfb-dabc-34bd-bf42-ed5f46c5b568,Kris249 Douglas31,General Practice,7817423202,AYER,MA
ec63cea6-5520-350a-9644-8bead3bb5fa4,Taylor21 Bradtke547,General Practice,8938903863,BEDFORD,MA
1d948cc2-8748-3aa1-8c85-e76ce2e58b07,Cristobal567 Barragán638,General Practice,9308280281,READING,MA
8f4ead92-a6d7-38b1-806c-62ce6f778c93,Mark765 Greenfelder433,General Practice,8693880559,AMESBURY,MA
e306cb9a-0e9c-34c3-a1b8-a4c77d080f66,Bradley693 Beatty507,General Practice,9603701163,EASTON,MA
3acff18e-6331-330e-a3a7-7f5fb4a59708,Ana María762 Gollum504,General Practice,5741412539,EAST BRIDGEWATER,MA
fcec8c09-c0a4-3a92-82e7-f478c75c5171,Lindsay928 Grimes165,General Practice,3751218802,UPTON,MA
a28226bf-d276-322e-9415-d9dc6ad4e7d4,Marta91 Ortega866,General Practice,1008251063,GREENFIELD,MA
740a99d0-3ebd-3cf6-ae23-87885cbef1a9,Sommer719 Hilpert278,General Practice,8821956507,SOMERVILLE,MA
b3b2492c-2625-395c-a8fd-c23953341564,Kymberly381 O'Hara248,General Practice,1804320567,BRAINTREE,MA
3d22b2cb-651e-3bb5-8f8a-1fde752b308b,Shana231 Mante251,General Practice,4312139477,SHELBURNE FALLS,MA
7f3d54cc-83c5-3933-8c51-9b26f1920627,Debra128 Moore224,General Practice,5328769166,BEDFORD,MA
bd6b7770-9f7e-335d-9091-5de86b4aefff,Randy380 Corwin846,General Practice,6915765786,SOUTH YARMOUTH,MA
f457f2a9-ad20-359f-b360-f64e74f691cf,José Luis472 Menéndez746,General Practice,1993023541,MILTON,MA
bece492d-2316-33d9-8e72-7a9f34ec91a5,Somer38 O'Connell601,General Practice,7360146165,LEXINGTON,MA
f2b4e6a7-ea4a-3047-99d8-88e906a335d8,Corliss645 Feil794,General Practice,2194194616,REVERE,MA
d81b0815-5c6e-3626-9df2-462d784a8b34,Shu104 Bahringer146,General Practice,7030702774,PEMBROKE,MA
130fc975-a27e-34c4-b2ca-37b9c501d2ae,Ivan258 Cole117,General Practice,2008912951,BROOKLINE,MA
6920133e-6dc2-3435-abb7-5709c8456b5f,Rosendo998 Swift555,General Practice,2863599445,EASTHAM,MA
f210ec8f-c833-3ca7-8486-611e536ee578,Geraldo282 Fisher429,General Practice,5394257502,BELMONT,MA
ff6b3d86-9cca-3566-9a71-6236d7dc517e,Tanner110 Gleason633,General Practice,5323289650,DORCHESTER,MA
3b8927d3-3447-3932-9fa5-06a25cd48280,Dorian295 Anderson154,General Practice,3071572921,ACUSHNET,MA
54c4be53-7c18-300a-9d8c-3d2807f8bb8a,Digna973 Wiza601,General Practice,7753793255,LYNN,MA
6a169931-a503-33e4-aafa-516327148f49,Mark765 Boehm581,General Practice,9879649632,WABAN,MA
c9bf49ee-2627-364a-b088-947bc8779e2a,Lyle846 Little434,General Practice,8780845519,PELHAM,MA
5ffd62eb-dec4-3ca0-9c5c-5c42633fdd16,Genaro214 Ritchie586,General Practice,4270047686,EAST HARWICH,MA
057d4f74-d5d1-3c27-9362-12628c948a11,Gerry91 Heller342,General Practice,2336963146,BROOKLINE,MA
0187f4b4-8914-33e9-8017-368a1403b56c,Nannie905 Kreiger457,General Practice,6234018302,STOUGHTON,MA
8c8706f6-385c-3671-9cbc-3753c41a45aa,Oscar384 Dietrich576,General Practice,8273914975,METHUEN,MA
2d1cd0f1-df47-3d29-acb4-3ffebfba745d,Sergio619 Almaraz628,General Practice,5730061911,ASHLAND,MA
a13a25b0-25cb-3576-a6ab-e18eb63b5c73,Terry864 Tromp100,General Practice,7289595437,QUINCY,MA
75981c9c-42f9-3e36-a538-d5fcd18abad5,Malcolm243 Luettgen772,General Practice,4543273810,WALPOLE,MA
2bc5d54c-425d-3aa9-a53c-07b7344845b3,Mariana775 Klein929,General Practice,2599988232,CHELMSFORD,MA
ccde5442-c41d-3be6-b39b-eaff3c74cb1e,Fermin479 Deckow585,General Practice,9647643397,SOUTH DEERFIELD,MA
493ee352-7860-3047-a3a8-fa4101e9b7a7,Noel608 Lesch175,General Practice,5666743676,SOMERVILLE,MA
9f0bfaae-7aca-36a8-ac92-70d67d0cc333,Olga567 Reilly981,General Practice,5207823145,ROCKLAND,MA
1eae7742-995e-321a-bd7f-7f03def3364a,Gia583 Davis923,General Practice,6387925021,SHREWSBURY,MA
e9c8222d-986e-304a-8a8c-972c4b8d480c,Ariel183 Spinka232,General Practice,2584447557,WESTON,MA
dc53afdd-bbb7-379d-a808-2d8f0b75b8d6,Herlinda751 Kovacek682,General Practice,6846771446,WESTFIELD,MA
fa6da0cf-3c13-37ec-92c7-ba195bbdc7e2,Wilfredo622 Wilderman619,General Practice,3217868550,GLOUCESTER,MA
83233007-c133-3fc5-a320-88759cb634c3,Rick943 Pollich983,General Practice,2802786675,METHUEN,MA
5ba1afeb-8ee3-354f-b74c-6a238b26b827,Margarett339 Robel940,General Practice,8859276581,LONGMEADOW,MA
475a3619-d778-31fb-b4b1-29ae970c1f4c,Larae985 Quitzon246,General Practice,8877500108,AMESBURY,MA
7f5f3ed7-a202-3d8e-8591-d9a7b5961709,Lenore883 Kemmer137,General Practice,6764826215,BURLINGTON,MA
466b2fac-080b-3941-a766-0561ce1818ca,Valene773 Gutmann970,General Practice,2446436846,STOUGHTON,MA
ef52e361-956d-3d92-aadb-ee53b49687bb,Benny518 Howell947,General Practice,7498625518,LEOMINSTER,MA
49a86427-9020-32d3-a91e-6ba15cbf24ab,Santiago500 Jerde200,General Practice,9981305770,MILTON,MA
fd34e608-f5cf-3494-ab62-18f8718be6e0,Georgann131 Runte676,General Practice,6948337793,FALL RIVER,MA
971377f6-5895-318a-bc58-a8b154198ffb,Raphael767 Upton904,General Practice,3522570524,MARBLEHEAD,MA
bae963b8-98bc-3848-9879-77cf261abc0c,Giuseppe872 Effertz744,General Practice,5269929338,HOLBROOK,MA
94e26bc7-9a74-33d1-b2dd-0235bb95a986,Ezequiel972 Torphy630,General Practice,7010815580,DARTMOUTH,MA
7d56d0e7-88ee-36d9-92d9-838290ba48e0,Kay203 Bode78,General Practice,5238851773,NORTON,MA
92465d56-84c3-396f-9ee9-7651771e929f,Oren284 Williamson769,General Practice,1048451529,HARWICH PORT,MA
0502ad03-4a1f-32e9-b906-f4f097570f41,Mandie666 Schroeder447,General Practice,5009972852,DUXBURY,MA
4ccaaf58-55ec-3caa-9040-d10972043488,Juliet585 Bartoletti50,General Practice,4934205170,NORTHFIELD,MA
4e9a5fa1-ea92-30b8-b46f-95f3d926c4e3,Eryn994 Connelly992,General Practice,8004262999,SOMERVILLE,MA
9058d1f7-0e01-3f3a-8de2-f1514ad6e185,Elva122 Hoppe518,General Practice,8482759007,WATERTOWN,MA
ec6eef16-2a97-3c3b-86df-e66d1880ba7c,Heath320 Crona259,General Practice,1771210113,NORTH ADAMS,MA
26b13ebe-b796-3c5c-8315-6d1fb60791c2,Jarod376 Wisozk929,General Practice,9745057237,ROWLEY,MA
1ff0e394-4304-3f4e-b6e0-3e8fb7ee4a77,Ceola914 Gerhold939,General Practice,6968261168,ARLINGTON,MA
20ffb093-a1f7-30c8-8f99-56ab59af398b,Emil691 Wisoky380,General Practice,2439969371,WILBRAHAM,MA
73b26285-1290-3ad1-9fd7-40a32c2f0496,Arturo47 Schultz619,General Practice,4827936509,LYNNFIELD,MA
1a8306e4-537f-36c6-a097-e41708d9185a,Corine538 Dach178,General Practice,7296540566,WESTON,MA
bf8812d5-c89d-37a7-9ebb-1e752cfda693,Julian715 Kessler503,General Practice,1426108034,RAYNHAM,MA
4d79dec7-6d08-3041-8651-eaed06ccd36d,Kandis954 Lebsack687,General Practice,3815317223,CAMBRIDGE,MA
de01a941-76be-3afe-a3b5-fc11b419c4ec,Joel444 Von197,General Practice,1429061124,DEDHAM,MA
6584efa3-eea0-3983-8ce6-c4f66d62fad8,Franklin857 Medhurst46,General Practice,4382647568,HAMPDEN,MA
80f541fb-6ac3-360c-b2b9-685157a8eaa9,Kendall673 Blanda868,General Practice,9459305376,ASHLAND,MA
53693bc4-10e1-3ee3-909d-76e7caaa9578,Tyler508 Hickle134,General Practice,9477703598,HOLBROOK,MA
3ba8f62a-7f7a-37eb-871c-064da7970019,Zackary401 Quigley282,General Practice,1168667925,CHELSEA,MA
c7859da0-1488-3684-9446-7b657d106a21,Kristopher775 Nikolaus26,General Practice,8478907218,SWAMPSCOTT,MA
860baf81-4b34-3c65-b6f2-42f982ad2828,Marci572 Emard19,General Practice,7828684659,RAYNHAM,MA
262a1b69-fe18-3b31-99f7-ab532af25a35,Débora815 Garay400,General Practice,4839358883,MIDDLETON,MA
9e350822-8ab2-3f09-80fa-dcb15d0bde77,Merlin721 Batz141,General Practice,4926829819,PLAINVILLE,MA
0dcce80d-4b90-3693-9768-3c82421c2b46,Stephane228 Block661,General Practice,1740300466,ATTLEBORO,MA
be35828b-c4ed-33ca-acff-f212adb96880,Bernardo699 Grant908,General Practice,2124516596,LYNN,MA
1f5c69b8-46c8-3df0-80d6-4ad3d853cff8,Theo630 Jacobi462,General Practice,9456710917,WELLESLEY HILLS,MA
33ce6ce9-9b35-388d-96af-59f19c0d945a,Alfredo17 Armenta418,General Practice,8800618119,QUINCY,MA
9f53e997-21b7-3655-925d-e04c70cdf884,Debi992 Little434,General Practice,5989640905,SOMERVILLE,MA
2aa74c23-ab96-39a0-9c6f-1788cabffb40,Garland107 Heidenreich818,General Practice,2488537687,DARTMOUTH,MA
b83e5b4f-7c40-3c34-86aa-0c13bd157eaf,Jose871 DuBuque211,General Practice,9525995642,DRACUT,MA
e1c88409-3ec3-3e3f-9574-b8209167692f,Particia365 Watsica258,General Practice,8483811558,FAIRHAVEN,MA
0d9c4dd1-11cd-33f6-b4d4-b253f50eed81,Sherilyn598 Gislason620,General Practice,4688095295,BRAINTREE,MA
5a4df467-b898-38eb-9041-cb4b33a24e04,Augustine565 Jast432,General Practice,8323627991,FOXBORO,MA
37832818-dbe2-3246-9599-ff288ceb21c2,Marian936 Wiza601,General Practice,6554795667,SAUGUS,MA
b0c692b1-ce78-3a9c-808e-d586a52ec45d,Nadene309 Murphy561,General Practice,7832616375,MEDFORD,MA
723b7a45-1a03-3803-9022-049e01987a6b,Desiree125 Ortiz186,General Practice,2009902872,BOSTON,MA
c2ec337e-0d33-30ae-8c17-907e493443cb,Tami145 Heller342,General Practice,5632174767,ARLINGTON,MA
eaac2de8-1ecb-393a-ac04-63bda8de6dd5,Toney527 Crist667,General Practice,5190895304,STONEHAM,MA
11e51b30-65b9-3435-a36f-478766e1a47f,Lyman173 Pacocha935,General Practice,9954621417,SOUTHBOROUGH,MA
6920e85e-6c11-329c-b0b9-2abb30ddcbb2,Carlena776 Anderson154,General Practice,3490457880,MILTON,MA
76559b83-8a56-377e-b2cb-0c9a61c823be,Oren284 Parker433,General Practice,3678058362,CANTON,MA
e490b80f-8fa7-3eb7-8fc6-64e7d8531a20,Olin642 Fadel536,General Practice,1212020730,DEDHAM,MA
aff775ff-4582-3ea4-995c-c167ce875a8a,Devon268 Schmeler639,General Practice,2007063111,REVERE,MA
d9d28ba9-0e64-3dee-9287-66da2cc96764,Sylvia544 Nikolaus26,General Practice,9581282810,AMHERST,MA
c89aea40-9db4-3748-9fcd-c145d2928799,Tobias236 Hegmann834,General Practice,7940864167,SWANSEA,MA
c3d08dbd-c3b2-347f-bb57-ebaed51cbffe,Adella39 DuBuque211,General Practice,7150995892,BEDFORD,MA
e11055f7-8d43-32c9-828e-ff7b92da0178,Nikole56 Lesch175,General Practice,2630324907,SOUTHAMPTON,MA
5ece1bca-f7ba-38a3-9b3d-fa7e291598ed,Stephine916 Pfannerstill264,General Practice,4602884820,W WAREHAM,MA
fdf164cd-4698-37b4-b62f-96d077b9977d,Arlie183 Bednar518,General Practice,9101627966,FRAMINGHAM,MA
654021bf-31c2-3c72-bec6-d36cc892bcef,Raul814 Brakus656,General Practice,1130435157,CHELMSFORD,MA
c78a9910-fc75-30fd-97b7-422f8663279a,Almeda560 Rau926,General Practice,2188795300,REVERE,MA
7097de32-9cf5-32cb-b8a6-60eb0b962e97,Glendora96 Kemmer137,General Practice,5289954672,MASHPEE,MA
cc89a2f2-be37-37a7-997a-c1b47039d1c0,Luz785 Marín855,General Practice,9173014788,LANESBOROUGH,MA
38fe7022-f731-3510-bf98-7f1d691b74cc,Goldie436 Lindgren255,General Practice,5976942379,WINCHESTER,MA
38054a86-fb35-3a72-b07f-7c6164884624,Obdulia648 Lubowitz58,General Practice,3023599160,BROCKTON,MA
da18bcb2-0a43-3711-95e4-5aac0036eebb,Veta780 Treutel973,General Practice,4937155258,HALIFAX,MA
5e40a685-488f-3530-9aff-3431be39801d,Vikki110 Abshire638,General Practice,7981168203,NORTH BROOKFIELD,MA
36150d62-d674-39db-bc0a-66919a137657,Francisca486 Greenfelder433,General Practice,4862655453,ROCKLAND,MA
9b60caae-e2d4-36c5-8091-881e8835a103,Tiara667 Johnston597,General Practice,2016188280,PEPPERELL,MA
932e6b81-bc18-32e5-8d98-e767afd37758,Alise864 Schmidt332,General Practice,5888101152,FALL RIVER,MA
408ce68a-31a8-3402-9659-1780d201339b,Xavier983 Kuhn96,General Practice,1205705402,CHICOPEE,MA
47947332-07a1-3671-b524-946909e375ec,Hassie51 Kihn564,General Practice,6904717090,SOMERSET,MA
6d81d624-9678-334b-abb8-6cb02039f835,Stuart913 Donnelly343,General Practice,7116864607,LYNN,MA
8f86043f-51a9-3dca-bd5e-51f1d644fafb,Bud153 Walsh511,General Practice,8245423522,SOUTH ATTLEBORO,MA
ba3b4499-b2b1-3c8c-9fb9-0c7252f0673a,Melia148 Jakubowski832,General Practice,6456041881,FRANKLIN,MA
f6776df4-7759-3afd-b253-4f297643805c,Jules135 O'Connell601,General Practice,1035543325,DOUGLAS,MA
8572a353-59e1-3a1e-8329-0aa7959ee5b1,Dean966 Watsica258,General Practice,1218306141,SOUTHBRIDGE,MA
d5254cab-9be7-344e-9d5a-7fdc8c03ca87,Edison640 Murphy561,General Practice,9367224951,WARE,MA
b30f85be-6832-391b-a410-cc05efc5837b,Marshall526 Cremin516,General Practice,7418228973,REVERE,MA
5a534d32-906a-3a6f-90ad-ff1a039f5496,Iris667 Feest103,General Practice,6208807365,SOMERVILLE,MA
d7a29c45-bed4-3ceb-b4ee-8f5e7a97ba97,Amanda238 Bednar518,General Practice,3806850259,BROCKTON,MA
608d9662-c6fc-3ffc-afc7-99c7c27b8730,Jesus702 Cormier289,General Practice,3036113377,WEST SPRINGFIELD,MA
57579c54-6509-3949-bd92-c86d691a540d,Elizbeth263 Fay398,General Practice,5831481578,PEMBROKE,MA
c8c385b2-01f2-3055-8752-b4672e4c6c16,Isidra572 Heaney114,General Practice,3037306081,AVON,MA
99fb68c0-1cc5-38e9-ad62-24ad8e76294e,Reinaldo138 Schowalter414,General Practice,7576433119,WESTBORO,MA
50cadaa1-f463-329b-a365-dc5dad40d84e,Edgar153 Gottlieb798,General Practice,7305963630,WRENTHAM,MA
20488901-f4c4-3fc5-964c-315ad8cdce72,Irmgard696 Pollich983,General Practice,5041204905,SOMERSET,MA
e5866870-807f-30e5-ae7f-22f5903606a4,Kira861 Vandervort697,General Practice,2090403201,BALDWINVILLE,MA
51f0ca41-b31b-391b-88ed-7402ef11d560,Daniella68 Hirthe744,General Practice,7915712766,HYANNIS,MA
c356746e-d1c8-3a3e-b4e7-fffa0e98da76,Danille883 Beatty507,General Practice,4556931594,BERKLEY,MA
5966e1a0-b125-3a3b-8206-f222df4df1c5,Irwin931 Fadel536,General Practice,9436934539,WAYLAND,MA
4a6d736d-edd5-30b7-9a58-5924cf097a55,Milton509 Durgan499,General Practice,8496904842,MILTON,MA
d5b080c4-7b50-3e39-9f22-0b1f2bfd5871,Tristan353 Nolan344,General Practice,3617981511,MELROSE,MA
b8dd6b64-a7f9-3098-8195-7c05dab896e4,Latoria810 Tremblay80,General Practice,5559562563,METHUEN,MA
0f73da70-9425-3f52-a5b5-24ab76df7591,Shelli447 Gislason620,General Practice,6542738630,CHICOPEE,MA
7cdba137-cd5a-3833-a180-5488bf1b8372,Jason347 Schowalter414,General Practice,6417275422,TEATICKET,MA
939d9df8-905a-31b4-93ba-ed148f9c1ee1,Steve819 Cruickshank494,General Practice,5411861938,BRIGHTON,MA
7701790d-945b-372c-ac60-3fa0730eb010,Tomás404 Abrego412,General Practice,6084934342,RANDOLPH,MA
c250306c-988a-3f17-b002-ef1f74a9114f,Hai304 Bednar518,General Practice,5202079864,DANVERS,MA
2d40b98f-b5db-355e-b5d2-3cb653b5ab38,Reinaldo138 Jast432,General Practice,7854351600,SWAMPSCOTT,MA
135c6775-bec3-3579-a87c-a8543a4968bf,Lionel365 Cormier289,General Practice,4471448498,SOMERVILLE,MA
450fea58-2f5f-3839-a9d8-46e605437d9f,Mellie476 Wiza601,General Practice,8249504135,RUTLAND,MA
b680416c-2144-3a0e-9419-8f0ea3a4e401,Fidela881 Ullrich385,General Practice,4664352157,WHATELY,MA
e883919f-860e-39e8-a01a-f568eda25670,Christian753 Gutmann970,General Practice,5414366320,CONCORD,MA
db95a64d-cfcd-391e-8a57-7ee78c5fc4b4,Billi682 Bahringer146,General Practice,1412892660,WESTFORD,MA
c8148d6d-94ad-3d16-8297-b2f42744ae66,Rolando809 Donnelly343,General Practice,9610980841,MILLIS,MA
41503c09-3f05-3d74-ae7a-b38bf0fa2988,Frankie174 Hills818,General Practice,5472995546,PEABODY,MA
2355a791-a918-381b-a697-9d1719744b4e,Waylon572 Wintheiser220,General Practice,5967401675,DENNIS PORT,MA
d23c35ea-888d-3e2f-9a85-09e1fa817827,Mathew182 Witting912,General Practice,2405850619,MELROSE,MA
ddfa6125-f799-3291-bfcf-db2fd1098edc,Karena692 Hand679,General Practice,5597813004,STOW,MA
82ed333d-dc13-3015-bb8d-dfcc59814179,Romeo514 Gutmann970,General Practice,2798330679,WORTHINGTON,MA
53c770dc-81c3-3cbd-847e-a1476c8a5580,Sherrell611 Kertzmann286,General Practice,1018588402,LEE,MA
9a88bc34-abde-343a-a6ed-667fcf4917e7,Irwin931 Willms744,General Practice,6398988055,LONGMEADOW,MA
6240e34b-f1a6-374d-af15-dea26341ba2e,Dolores502 Valdivia496,General Practice,4131404791,BELLINGHAM,MA
4c02955d-4c9f-3114-a4bd-b80565538701,Maudie129 Lebsack687,General Practice,6103647789,WORCESTER,MA
b885e4d3-b876-3b4b-a3df-5e97fe13662c,Amado512 Gislason620,General Practice,2155267789,MILTON,MA
f2990b02-58f9-3344-a513-a4d0a0c59c08,Cari853 Connelly992,General Practice,4411984173,MEDFORD,MA
714181f6-f71f-3b43-827f-d9215eb6bea2,Thresa531 Russel238,General Practice,7996434539,NORFOLK,MA
2d4ee097-3ba2-35e1-b137-dccefb030cde,Bell723 Schiller186,General Practice,8055629116,SOMERVILLE,MA
190a153f-07b6-3d7b-b790-514426726f6b,Twyla619 Berge125,General Practice,8768606355,FRAMINGHAM,MA
0297c9f1-216b-3497-8b25-24d29dcd011f,Alena861 Larson43,General Practice,4638698009,BROOKLINE,MA
81ea665b-aa8d-3eb1-9ede-c57048f4ffde,Ray930 Schuppe920,General Practice,6540856352,CHELMSFORD,MA
c1440112-86c7-3a32-ae11-6fc3c8266c61,Garret233 Schmitt836,General Practice,6675946295,CHICOPEE,MA
175c6804-4f7f-39e7-9311-ae1626fe4f3b,Johnny786 Powlowski563,General Practice,9749652591,LAWRENCE,MA
d7f35db5-db04-3728-8504-b6ae8d78a844,Pasquale620 Wehner319,General Practice,3320393661,LOWELL,MA
e115cc2c-b79b-3ab3-b8aa-f5a789fba900,Olen518 Gerhold939,General Practice,6574559063,PLAINVILLE,MA
c1d6a071-1251-3002-91fc-95b06c4d6dbb,Marla843 Kshlerin58,General Practice,7913380555,SWAMPSCOTT,MA
831cd496-245f-32f7-bea6-455d5b96d280,Christie481 Hansen121,General Practice,8726543196,CONCORD,MA
49e605bf-8dde-33c5-b0d9-21eb7934402e,Bobby524 Schamberger479,General Practice,4975761193,NORTON,MA
e8fd81d1-55a1-3bfc-af14-dc0171a2b7bc,Edwin773 Tillman293,General Practice,4446784547,DRACUT,MA
7c94080b-40c9-3329-895b-e2bfdb6033d1,Sharee66 Harris789,General Practice,3202414855,DALTON,MA
779af6e9-8c9e-3b08-95a7-a8c8a564ae90,Denis399 Lynch190,General Practice,7522223351,METHUEN,MA
82eb8890-9a14-3365-aa82-c5430d33bc3c,Jeane173 Jenkins714,General Practice,1402667764,MARSTONS MILLS,MA
272ce35c-1742-3ee0-a7fe-937dc0fbdba7,Dan465 Terry864,General Practice,8707207098,NORTH ADAMS,MA
67b945ef-f567-3f5d-a08a-7b32b842d65a,Jed345 Brown30,General Practice,4634005252,EAST BOSTON,MA
269c0c18-5906-30df-929d-c6b3383c9469,Antione404 Reilly981,General Practice,5207773653,LAWRENCE,MA
53bb54cd-3eb8-33e7-8f8e-350e555638a6,Shane235 Kohler843,General Practice,7949550488,YARMOUTH PORT,MA
b2ace0ce-3fb1-33ca-b492-dc76c4fb50d3,Randolph418 Hoeger474,General Practice,9328101875,PEABODY,MA
1cb6d7b9-f873-3f38-97d2-9f912991d89a,Particia365 Considine820,General Practice,3469871565,WEYMOUTH,MA
55bbaadb-7cad-3b12-9d03-23154e79ab97,Idella49 Maggio310,General Practice,3357558224,NORTH ANDOVER,MA
8ac96834-111e-33cc-858b-f4f6fe05d740,Irwin931 Rolfson709,General Practice,9969115587,NORTON,MA
2a258461-d837-39da-bbd9-0c3c8cc35cd0,Herb645 Strosin214,General Practice,5626887599,WESTFIELD,MA
b40012d6-52be-37f4-93b2-4c7b14fc3ba0,Vonda514 Gerhold939,General Practice,4676854677,LAWRENCE,MA
fa55821f-3243-3fbc-aa98-efd28bea0cb4,Miquel905 Abernathy524,General Practice,2311230373,MONTEREY,MA
34f7a361-99e1-3af5-911b-af95131af287,Machelle279 Harber290,General Practice,9593312594,LANCASTER,MA
d157985b-1ae5-3583-8be4-c09c4fd3780d,Dorothea248 Hills818,General Practice,2701173303,WALTHAM,MA
048ba0b6-3b32-3757-b3f1-074bd77df27a,Bettina657 Osinski784,General Practice,7618237339,CHELMSFORD,MA
be617f62-5bf3-34e9-9e17-0090d6b964d5,Mabel261 O'Kon634,General Practice,4407583536,PEABODY,MA
e7fcba0f-1704-39e6-a02c-478507f3b97d,Palma671 Eichmann909,General Practice,7348387182,MELROSE,MA
ce796cdd-fa83-3012-b71e-6573c5a0fe43,Lu473 Jacobson885,General Practice,3313127697,EVERETT,MA
0013f086-e105-3a24-8b5b-93472864bba7,Elton404 Corkery305,General Practice,8544638104,SOUTHBOROUGH,MA
d2a10de3-d612-36a8-bdde-290ac478dff2,Ana María762 Delvalle807,General Practice,7289452992,HUDSON,MA
7dec775a-7c8f-381c-a8da-656b4c6317e5,Kimi714 Cassin499,General Practice,7272174285,LAWRENCE,MA
d0ae4d44-dd05-3064-8137-cea5d2c47261,Liza900 Brekke496,General Practice,2447133312,SCITUATE,MA
f2fb7d8d-57bd-39d7-8148-def68f879e6e,Hong136 Swift555,General Practice,3611311874,TAUNTON,MA
427b6218-8544-3274-8c19-0bebe5d655e2,Reginia455 McDermott739,General Practice,2907531521,GREENFIELD,MA
e851f015-d63c-3d90-8a54-66fbf678a4f6,Walton167 Stehr398,General Practice,6661409634,FRAMINGHAM,MA
364a4e7f-b652-34d2-9412-652b2451af65,Gabriel934 Kris249,General Practice,2447378051,LUNENBURG,MA
4c19030e-9110-3b10-a642-07ee37dfb860,Sheryl275 Zieme486,General Practice,3634880390,BEDFORD,MA
dd59b229-615a-3625-ba99-e8e0a7da8c46,Clinton763 Langosh790,General Practice,2104751799,TEWKSBURY,MA
338ca913-2f61-35d8-8d08-6470868d3d8f,Fred155 Schaden604,General Practice,2439018760,NEEDHAM,MA
eb740058-6345-384d-a99d-0cabe9dbb9eb,Drew592 Prosacco716,General Practice,6482891869,SOUTH DARTMOUTH,MA
d1d28b6e-937f-3f2d-8717-5d5e4637949c,Ivan258 Denesik803,General Practice,5237034706,SOUTH YARMOUTH,MA
1a3d4a4c-21dc-3a3b-8bff-36089ae5ae51,Jamison785 Greenfelder433,General Practice,9481041972,GROVELAND,MA
47b2593a-3f9d-3c94-ac6a-a0c995d4ce4d,Alaine226 Borer986,General Practice,2571920483,RAYNHAM,MA
b4bfd1f0-1869-3562-b549-30b422430ed6,Ola364 Gutmann970,General Practice,1756521534,MILTON,MA
7aa8fdc1-bf84-361c-9b03-70a1bca6b255,Aiko748 Kerluke267,General Practice,7440907048,NORFOLK,MA
a508137e-6107-3ee2-b61c-131043ef4c38,Gisele901 Eichmann909,General Practice,5075653636,FOXBOROUGH,MA
abed1f8d-fcdc-3613-b3f9-c7cb85faf7b0,Faye439 Luettgen772,General Practice,1928413690,CHELMSFORD,MA
f6053c27-5f68-32f0-bbd7-a85bc579ca3c,Cathern761 Hammes673,General Practice,7995516059,BELMONT,MA
fd4a8abf-52da-34c7-b16f-381c562a2434,Maudie129 Beier427,General Practice,1040499055,HOPEDALE,MA
8a3dc967-4e6b-31a2-a603-f63dd95a46a9,Laverne101 Schneider199,General Practice,8253391974,BRIDGEWATER,MA
dca89ca2-727f-3507-ae7c-91b24e24551f,Francisca486 Badillo851,General Practice,3292274424,WINCHESTER,MA
e8ed7dd8-4d27-35cf-b43f-8ca410f0cd2e,Jamie386 Dickinson688,General Practice,6898057304,MEDWAY,MA
1abc0277-d9da-388f-8f27-4bcd0c43b0e0,Elbert916 Schoen8,General Practice,7797254957,NATICK,MA
0d90ce1f-663e-3b1b-8249-5fc5c07835f1,Versie644 Flatley871,General Practice,5563799254,ORANGE,MA
1b48023e-a6b8-32a1-974d-72e2767253eb,Sulema841 Hackett68,General Practice,2595016847,LYNNFIELD,MA
81b033be-b714-38b6-a01e-cd5d72d9408c,Lucila204 Olson653,General Practice,9979426199,LANCASTER,MA
7f17aacd-312d-3e7c-b2b2-5a006350f265,Dorsey40 Bartell116,General Practice,3828543466,FALL RIVER,MA
254b1e86-4f00-37db-80ec-4eb4a49b391b,Telma919 Friesen796,General Practice,6840021836,NORTHAMPTON,MA
c5549e9e-41fc-3ef7-9b53-0ce6f6dc08f2,Charles364 Wilderman619,General Practice,1519307934,WELLESLEY HILLS,MA
a86aed7d-9fef-3e86-9f03-6d29e9d387bd,Carol737 Zieme486,General Practice,9375019790,STONEHAM,MA
0f27599c-6417-36ab-9f61-23eb92d22aac,Kourtney511 Block661,General Practice,9294443015,MONTGOMERY,MA
1ecb3db0-9341-3699-9b3e-85c92c8d3951,Ronald408 Grady603,General Practice,7378194402,BRADFORD,MA
765e5c38-77c8-3f6e-b2f6-ffe8eb802ca7,Rosaura15 Johnston597,General Practice,7594995051,MARBLEHEAD,MA
5b09bc58-5647-38b2-b486-40f7d34546d6,Twyla619 Kirlin939,General Practice,3101390440,WARE,MA
cba90ee0-0762-3cbf-a3a1-6e568094a857,Retta782 Cassin499,General Practice,6461072645,CHELSEA,MA
60bef5bb-dfb6-30de-8aed-b1ef2cbd5ebd,Michael441 Schuster709,General Practice,4612315600,ROCKLAND,MA
ca351c99-629c-3379-851d-4a03830308b6,Penelope500 Stiedemann542,General Practice,7598784019,HYDE PARK,MA
9b67e27f-8a20-3d5e-8dde-693a3c9429d2,Agueda283 Schneider199,General Practice,9981164664,SWANSEA,MA
891e487e-7476-359a-a26e-0e315659629a,Alexandra16 Torphy630,General Practice,8523156541,QUINCY,MA
e13c4704-6043-3c86-99df-86a301b82571,Edelmira985 Beier427,General Practice,9957251076,WEST SPRINGFIELD,MA
77ab9919-1f7b-3618-9696-d24a4c6f495c,Rolland302 Murazik203,General Practice,1760966364,SOUTHBRIDGE,MA
bca6bae3-f868-3272-94ac-f439e6399d66,Cyndi533 Botsford977,General Practice,8166501522,SPRINGFIELD,MA
4fb083ec-f8d5-370d-bcae-1f05f120981b,Laine739 Koepp521,General Practice,3346608904,PITTSFIELD,MA
b4609f21-da24-3949-a590-5bfa027a2836,Sabrina514 Gutkowski940,General Practice,4141847639,DORCHESTER,MA
bfbf69f7-1b78-3f5b-9b83-9195da571cc4,Cristine925 Waelchi213,General Practice,3275574773,CONCORD,MA
c638167e-82bb-3652-ba78-f7fe06b0bb0b,Tashina114 Goodwin327,General Practice,2553726460,SWAMPSCOTT,MA
2f4576da-b141-3fb9-b561-4fe5a38368f8,Juan88 Ontiveros947,General Practice,7713329428,WAYLAND,MA
84088752-2563-3e17-83dc-eabe7c1d0d94,Jerónimo599 Maldonado119,General Practice,9678269223,WORCESTER,MA
030f8676-5502-3e7b-84bc-978321e3ea64,Machelle279 Ernser583,General Practice,7252846685,SWANSEA,MA
af868dba-971f-3c30-8ef9-f264edc43cb8,James276 Rodriguez71,General Practice,1286691011,WAREHAM,MA
86cd7a3c-2601-3427-a9ba-3d065335431c,Helaine42 Gleason633,General Practice,6904633976,BOYLSTON,MA
994f884d-ea81-3a1e-b009-6b34e7e650a2,Refugio197 Larson43,General Practice,4159667834,SHARON,MA
cd76b5c5-b8fe-3fff-bcbb-3b29ce55530d,Christi444 Swaniawski813,General Practice,4777748030,MILLBURY,MA
1d4feb2f-b426-317a-94d4-f1fbf72e5f32,Crysta430 Mertz280,General Practice,2848246929,GARDNER,MA
90f49544-7c80-3396-b79b-5162586a3b85,Darwin703 Daugherty69,General Practice,9815759844,LEOMINSTER,MA
d7d861e2-ecf9-3adb-ad0d-d20e07780c05,Georgann131 Zulauf375,General Practice,4427035864,MATTAPOISETT,MA
ebe96222-2fc7-3bf2-8438-a1d1b13f8f33,Nicholas495 Nikolaus26,General Practice,2919266241,LEOMINSTER,MA
8d60458b-3f6d-3af2-b780-b0fb5a1723e1,Andrea7 Marquardt819,General Practice,4730171273,UXBRIDGE,MA
b1e77339-dde6-3533-8658-6d0f97ee0827,Trevor374 Beer512,General Practice,4384286764,QUINCY,MA
08a41100-6df5-3db4-bc11-7403031746c6,Hanna456 Lang846,General Practice,3710391242,GROTON,MA
50d03d07-2fbc-3d07-b8df-92afce7abebf,Raúl937 Saldivar860,General Practice,1962432504,SOUTH ATTLEBORO,MA
4f6b4230-2a42-35eb-80cc-5a5ed9dc986b,Mattie544 Feil794,General Practice,8314116357,CARVER,MA
f43c848a-1917-3231-b7b5-c1069388206f,Virgilio529 Bode78,General Practice,4160454306,DORCHESTER,MA
4af0d67d-41e7-343e-a3f5-da50b46a2a85,Dwana281 Bogan287,General Practice,2984593958,MELROSE,MA
1bcffe30-4c84-3f45-a870-07b00d9a34df,Gerardo48 Palacios784,General Practice,7440988042,NORFOLK,MA
9eb37590-c414-33f8-b555-1a45b0ceea36,Alaine226 Cole117,General Practice,5709236631,MIDDLEBOROUGH,MA
648c2766-038e-3248-8eb0-3a26ec472ee7,Loyd638 Kutch271,General Practice,4763220430,DARTMOUTH,MA
c6effb36-0f19-3899-9073-166ae5f381d7,Ezekiel373 Weber641,General Practice,9125981757,AMHERST,MA
de6ea997-78ef-39a3-bf49-e431e04b071f,Tommie457 Thiel172,General Practice,5195097419,SHREWSBURY,MA
d4c67937-4c56-3cdc-bec3-5a4581414fd1,Kristan816 Mills423,General Practice,9122471941,WESTFIELD,MA
f0a1e3fc-298d-3024-9e6a-75e538a1727f,Rubin812 Jakubowski832,General Practice,5884631262,EAST DENNIS,MA
0fe4653a-6724-3a3c-82b6-6e74caafbafe,Winfred745 Kuhn96,General Practice,2861518648,FAIRHAVEN,MA
32b64ab0-1c40-3f4a-98c7-90a29abedecb,Tristan353 Hegmann834,General Practice,2047666141,NEWTON,MA
c4762a00-ab08-3018-999b-e74a9c66fc7f,Billy698 Baumbach677,General Practice,1923460900,PLYMOUTH,MA
5ebddcfb-84e1-3fcc-8392-d60804e05880,Marisol435 Barragán638,General Practice,9480675231,ARLINGTON,MA
b794b5a3-7004-3596-a128-bba1bfc31322,Shawn523 Jenkins714,General Practice,1091816653,CHELSEA,MA
985120bd-1190-379b-b9b5-88323abba35c,Billy698 Kiehn525,General Practice,2385740234,CHICOPEE,MA
4ae4b2a3-856a-3bbd-ab81-0560eec4e336,Amos720 Treutel973,General Practice,8229892037,WESTFIELD,MA
264f7ec9-3bd4-3268-b88c-ec9618b4dd1a,Toby274 Mohr916,General Practice,4876007599,REVERE,MA
29e13581-06ce-396f-b00f-edb96021b2ec,Houston994 Blanda868,General Practice,1143315798,PLAINVILLE,MA
6ae122b4-4a2e-32ea-aa1c-11086236246f,Lashandra868 D'Amore443,General Practice,8600269539,BOSTON,MA
7ffaaf43-a0f2-3e21-8c23-810ca88cf182,Silvana620 West559,General Practice,8729811271,CLINTON,MA
3dfe4b9d-219f-3060-b29b-3de03811520c,Rex53 Waelchi213,General Practice,3138111385,EVERETT,MA
f3f8a99d-cdc7-35d7-84c2-d53a5e4e729e,Evie333 Jacobs452,General Practice,2424123760,NATICK,MA
8265cdc8-822f-3dae-b6f9-d2c7abfe209c,Giuseppina753 DuBuque211,General Practice,7386819700,BOSTON,MA
74b48554-657e-39ef-b14d-b969be87dcc1,Tanya49 Wisozk929,General Practice,9096903668,WILBRAHAM,MA
721203e7-10fe-3af1-8ea1-c8713dc152d4,Monserrate4 Kulas532,General Practice,3856084683,BRIGHTON,MA
56eaf9f4-56cd-3d5b-b536-a8ac82818f7d,Sharla853 Abernathy524,General Practice,8873030226,SOUTHBOROUGH,MA
a4a98e96-c353-3673-b74c-92e13950df87,Bernardine460 Dickinson688,General Practice,4036898625,CAMBRIDGE,MA
c35b8c1f-5b80-35ed-a0ba-b55e4e04510a,Fidel864 Marquardt819,General Practice,5722468308,BOSTON,MA
2b7b7138-58d5-3491-b64b-07511cfaefba,Mavis612 Nolan344,General Practice,3615785414,BROOKLINE,MA
115fa1b3-7530-3405-aeb7-964642b8e8b0,Harley673 McGlynn426,General Practice,8619331285,BEVERLY,MA
fb769b0c-ae59-3885-b2d0-9aeaa6620f53,Noelle559 Hudson301,General Practice,9513626347,CHICOPEE,MA
31c829b9-a5ec-3635-9a48-9eb064b111e2,Roman389 Wolf938,General Practice,2563089733,NORTON,MA
493954bd-1793-3a5b-8bf4-1cef2a6d43e7,José Emilio366 Páez758,General Practice,4230717355,BEVERLY,MA
526b5ee4-35bb-359c-91d5-b6dd2c825e19,Shira43 Hessel84,General Practice,1536932622,LAKEVILLE,MA
f9e8cfba-1188-3159-9485-e90dd30b837e,Shanita956 Rodriguez71,General Practice,9289789133,BELMONT,MA
599b0667-26b8-3673-b02f-2902d4551f51,Reynaldo722 Kulas532,General Practice,2685079442,AMHERST,MA
71f08383-b087-3434-9480-bfa172705e2f,Zana914 Medhurst46,General Practice,9114568208,ARLINGTON,MA
a50f9106-e876-31b9-b127-a383b9bba8b1,Carlos172 Ernser583,General Practice,8965894736,BROOKLINE,MA
55bb3c57-d773-319a-a80e-ac7ef8b7b410,Hans694 Nicolas769,General Practice,5831520439,SOMERVILLE,MA
03f0493b-3458-3c4d-83ec-d0755afd2c24,Lachelle614 Thiel172,General Practice,1723061920,WESTFORD,MA
261c5599-a335-3c6a-b0bd-651692d951cc,Lu473 Johnston597,General Practice,8704690245,SOMERVILLE,MA
a8260ba6-9230-305f-9bf4-c7a5c31c70b9,Rolande819 Altenwerth646,General Practice,7964474744,DANVERS,MA
1950bf5f-f440-36bb-b135-3be93d580ac7,Reed154 Macejkovic424,General Practice,7335169517,HAVERHILL,MA
f9c7ca7a-7e81-3de4-87de-2f5228dafaf3,Sandee884 Jaskolski867,General Practice,5627850887,SEEKONK,MA
7dc9bf45-eb3d-3390-9f29-c873fdf766b9,Dulcie148 Roob72,General Practice,8722853098,WESTBOROUGH,MA
e07cd681-3013-3467-863e-25effcca6df3,Aleta47 Beier427,General Practice,7059024461,BEVERLY,MA
f644174f-7c75-3353-94f7-9c967d123d89,Eduardo902 Rogahn59,General Practice,8543792004,HUDSON,MA
178198b6-03e6-3150-b277-95bef7c60f44,Rodney21 Emard19,General Practice,2934421358,WORCESTER,MA
531a97c3-1865-3730-b911-6b4470fcb69a,Esther279 Larson43,General Practice,4259785028,MARSHFIELD,MA
2d2b6af4-17a8-390c-8b9e-c48c9829e8a4,Caron739 Sporer811,General Practice,9420996284,TEWKSBURY,MA
08f121ee-0b28-3663-8ed9-a79b83594668,Eddy900 Schneider199,General Practice,6202655363,LEOMINSTER,MA
702545b8-6d9c-328c-a97b-3cb9ebf1f09b,Janett802 Stanton715,General Practice,3592987220,SOMERVILLE,MA
42a0c883-a3da-35b9-aab6-8bfdb5882200,Dorathy429 Jenkins714,General Practice,3278188080,WEST SPRINGFIELD,MA
c03e4c4f-3b85-3b46-bc84-7331470a6bb0,Leticia253 Tremblay80,General Practice,6038158412,LOWELL,MA
4aa987a4-cd65-3df7-a676-f910a1846a74,Pilar644 Schroeder447,General Practice,6424229720,SOMERVILLE,MA
9be41d1b-032e-30a8-a071-d1365fc5ff6a,Lawrence741 Lueilwitz711,General Practice,3137271782,BILLERICA,MA
1c7b7c5a-6c49-345d-afa7-6f9763702108,Debra128 Hettinger594,General Practice,7464882230,SPRINGFIELD,MA
018959ff-6c7b-31ad-a2a0-04e54f873414,Shaneka79 Marquardt819,General Practice,6359092806,LEXINGTON,MA
8a9b2a77-3850-34bb-87e7-3bb696e32b2a,Shad704 Ortiz186,General Practice,7379393353,ABINGTON,MA
3e02c30e-8c70-3559-9d8c-2c09f7a7453e,Minh326 Jaskolski867,General Practice,9925015234,CHICOPEE,MA
84231b66-a204-3e28-b477-f89b7c0c24ba,Carla633 Pouros728,General Practice,2861983629,EAST LONGMEADOW,MA
92743b03-c6e8-36ce-8e5f-2a7f2aed4e45,Stevie682 Stroman228,General Practice,9465984899,WALPOLE,MA
18595513-a56f-36f8-a54d-455624dd7192,Kris249 Lowe577,General Practice,3553369498,BRIDGEWATER,MA
07aab3e7-3cf4-32a1-b94b-b97b0735c1bc,Reuben327 Willms744,General Practice,9677303709,LOWELL,MA
71965eb1-1bb1-3169-9a0d-24ce49afa74e,Theda286 Toy286,General Practice,3680698058,SOUTHWICK,MA
7a6e9db6-b955-33b6-9e5d-a51e6f65d6f5,Felipe97 Montero62,General Practice,1957297841,EVERETT,MA
515083b6-ea5f-36e4-aaab-b8cf19b78fdb,Bo157 Hagenes547,General Practice,5684027351,FAIRHAVEN,MA
f5f6bb49-87e2-3bf3-b324-55f0db30f818,Elvis145 Wisozk929,General Practice,7405524671,HYANNIS,MA
a3c8ff2b-ce08-376b-98f2-ae87b5951ad1,Isidro558 Bode78,General Practice,5432727394,SALEM,MA
85ff0ed0-6f00-35cd-987d-eea7b78d0bdc,Eugene421 Wisozk929,General Practice,3216452388,DEDHAM,MA
bb047c9e-1d57-3f9a-9096-f5b404c504e3,Gregg522 Cronin387,General Practice,5094443860,EASTON,MA
911323dd-e3a6-3c44-860a-a9af64bacf49,Stanton715 Walker122,General Practice,7539370899,HAVERHILL,MA
9135c5c7-0f83-3c4a-bd74-45eca0fcbf1e,Guy979 Dach178,General Practice,2665748265,HOLDEN,MA
26fa8b7f-c93f-36bc-9563-86a1c0a76fe5,Eusebio566 Ankunding277,General Practice,2995593630,FALL RIVER,MA
c0762121-be1d-3ae7-8e53-4d4c75bfcc75,Murray856 Leuschke194,General Practice,8317746179,METHUEN,MA
84212930-7c0c-3f97-a073-1dc12ec3b498,Nestor901 Leannon79,General Practice,7559724382,DEDHAM,MA
ec14c413-1fef-3358-9e6c-79dbfe505985,Graig740 Schoen8,General Practice,2361373396,STONEHAM,MA
1db46550-a6d0-36ae-a33a-e39a9e4e8f0b,Jaimie425 Heidenreich818,General Practice,6449693390,CHARLTON,MA
6373a2fb-2d48-31a0-beeb-22ad273796af,Florentino8 Botsford977,General Practice,8050582378,HALIFAX,MA
8b31dc2d-78fe-30f9-a929-d17d4f753776,Noelle559 Hilll811,General Practice,9340042759,BRIMFIELD,MA
bd2c492a-630f-32df-bd4c-db6e48decf74,Gaylene599 Kunze215,General Practice,3077821677,NORTHBRIDGE,MA
835cfffb-a827-34ee-9efa-ab28d77b8ad7,Larry532 Emmerich580,General Practice,7080627471,HOLYOKE,MA
52ed134c-9d56-3d89-9dfa-927b25169293,Juan Carlos348 Laureano185,General Practice,8569458986,FRANKLIN,MA
c959ca18-e0de-31b9-b58b-9b4768d8f47e,Neal874 Lockman863,General Practice,2529872402,WRENTHAM,MA
6d5c5981-b41b-32fe-8de7-fcb56dd6bfcd,Randall756 Braun514,General Practice,6115052513,LYNN,MA
aa9e78c2-d987-3448-863d-2fb0ce94e240,Martín25 Reyna401,General Practice,8579194660,PITTSFIELD,MA
d625911d-9c1a-3db3-b5ed-2973e871ab9c,Marshall526 Bailey598,General Practice,4402833052,BOSTON,MA
2e80d661-9e10-3a0d-b212-ca9e1b914028,Belle514 Vandervort697,General Practice,1327958510,EVERETT,MA
3934266f-6593-3e1c-9f24-ceb20a51b461,Johnna810 Koch169,General Practice,4997724177,DUXBURY,MA
34390991-6027-3112-b53a-216b052914d8,Kathrin605 Gibson10,General Practice,3722333336,FOXBORO,MA
54aa2d41-011e-3819-a624-0abbca8de68d,Davis923 DuBuque211,General Practice,7064622985,SWANSEA,MA
2c0439c2-7a53-3747-ba9c-fffca20a46d6,Cindie288 Brakus656,General Practice,5623826566,SPRINGFIELD,MA
13c97320-75dc-357c-addf-ff9103493732,Dick869 Conroy74,General Practice,3216228949,MIDDLEBORO,MA
3c879822-6f92-39e2-891a-1bee924a7813,Antone63 Purdy2,General Practice,4669349381,WILLIAMSBURG,MA
11d75322-9a6a-359c-a40d-07a13a6f9c0c,Fletcher87 Hammes673,General Practice,4676002892,MILTON,MA
0f967a41-b3e6-3654-ab8e-3c743928c80b,Lawrence741 Thiel172,General Practice,2197870403,MARLBOROUGH,MA
3ab9ccf7-de15-3173-9bdb-e3d7373bb299,Valencia279 Schroeder447,General Practice,5819361922,REHOBOTH,MA
0efa539a-bb18-3ced-bef4-dae24d91634f,Lenore883 Cronin387,General Practice,7079954299,SWANSEA,MA
82f76e43-9f65-3c75-a294-bfd37ccc8fad,Shakira391 Hyatt152,General Practice,6250607482,SPRINGFIELD,MA
94d9f43e-72e5-361c-8010-50aebdbb8d38,Coy949 Franecki195,General Practice,7315337387,RANDOLPH,MA
722e1661-6a9e-3556-8a38-858a23320bf7,Elijah719 Gerhold939,General Practice,7145060213,AYER,MA
58e82762-2b9c-3b6d-a997-b4ae428c041d,Long300 Stiedemann542,General Practice,9616765911,FRANKLIN,MA
0fb5be38-d3a5-3ab2-8da6-183eb783e5b6,Shaunna800 Watsica258,General Practice,3084043478,SWANSEA,MA
8339ce8d-1313-3ce4-82ad-57be903c4ac6,Keitha498 Streich926,General Practice,8744047615,WEST BRIDGEWATER,MA
f0052da4-56af-3153-95a0-dbda6728e98d,Kimber624 White193,General Practice,6927766974,CAMBRIDGE,MA
a191e17a-0cda-3ade-9a14-7f6eca03d094,Oswaldo857 Schmitt836,General Practice,8826830522,BOSTON,MA
2caeef09-6357-3936-b3ce-413de845419b,Carmelina668 Hickle134,General Practice,8230224284,CHELSEA,MA
7e9bc96b-9ca5-3623-ad06-f140739e3e59,Quyen270 Hane680,General Practice,5282297472,MILLBURY,MA
83c1770b-97a1-32aa-9742-e17b6fb25589,Rosendo998 Rice937,General Practice,1647625398,WINTHROP,MA
6ed45fb6-88a5-323c-8109-cec134ecfb44,Emery884 Bernhard322,General Practice,4356469857,BELCHERTOWN,MA
fd246f8e-b593-3de4-b50f-3525eddacbbf,Calista635 Rowe323,General Practice,9601140992,DEDHAM,MA
2863697e-667f-3d18-bb00-171c4575d421,Nichelle912 Towne435,General Practice,1546974046,QUINCY,MA
03eda029-74ab-3a63-90ca-062729fbfb8f,Demetra94 Swaniawski813,General Practice,4787780443,SWAMPSCOTT,MA
024b560f-a6b4-3e81-b3be-d9a5165ab747,Olivia294 Gutiérrez115,General Practice,6999982683,FORESTDALE,MA
49941e62-16f7-3a52-a4e3-f2a36f83d732,Lavone763 Hermann103,General Practice,6357981963,SEEKONK,MA
745597e4-5efb-3289-88ca-a244ef30abac,Yajaira121 VonRueden376,General Practice,7149052031,NEWBURYPORT,MA
93486385-8d38-3dca-bc10-af6636f9843e,Antonietta855 Kilback373,General Practice,6148224445,WINCHESTER,MA
ff11e274-763b-3a92-8404-cfcb374751b8,Marylyn194 Walker122,General Practice,2937038921,YARMOUTH PORT,MA
4b31e9ae-d778-3e6d-b7f3-cdafa0780bb1,Brendon298 Thiel172,General Practice,8924832411,LEOMINSTER,MA
3866a647-d9b4-3834-ba9b-ffd0382fa01b,Anya973 Carter549,General Practice,3219559290,LOWELL,MA
02022d3c-40a5-30a9-814d-13bebfafbb4d,Halina47 Stroman228,General Practice,9454991120,BUZZARDS BAY,MA
24b07da3-eff9-3b02-baf6-1b8644b93185,Brooke250 Volkman526,General Practice,1394070181,CARLISLE,MA
0cd5a6fa-f775-309a-99f2-b6cfde682dfb,Bennie663 Tillman293,General Practice,9889105533,MERRIMAC,MA
4dfaa8bd-db4a-35af-a36b-12e45b48b680,Hank686 Stroman228,General Practice,3084210963,MILTON,MA
e80a0cc4-405a-3ad1-8bb1-1f792e6f1044,Reyna401 VonRueden376,General Practice,3171114211,REVERE,MA
c10d6dc8-b11c-3c84-a4cf-cfaaf9134b03,Arlie183 Breitenberg711,General Practice,1527491188,SOMERVILLE,MA
f113dc4e-6519-3e0c-87a5-65d7f096fe89,Savanna736 Reichert620,General Practice,5835561268,HOPKINTON,MA
0ba4c92f-cc87-3091-85e9-e5420fce9da5,Phillis443 Lebsack687,General Practice,2758926197,LAWRENCE,MA
f5318d9b-4d1f-30b6-91e9-5eaf014369ee,Milo271 Stanton715,General Practice,9973421453,SAUGUS,MA
0ad64d68-47c8-34da-b535-aa8bd7daecf7,Jessie665 Schoen8,General Practice,3785169755,BERLIN,MA
54d9aa30-7138-3d48-a867-5a93620a5010,Arturo47 Doyle959,General Practice,7959753656,LYNN,MA
2032497c-2421-30da-8d03-0366bf7ecc48,Gabriela205 Hammes673,General Practice,2256102228,DANVERS,MA
4e5d71fa-536e-3d5e-a7c3-3f77b03b5824,Leon728 Mante251,General Practice,2653117328,BILLERICA,MA
79157f8f-60e1-3ebb-88af-c0a6eab84e7b,Nannette779 Harber290,General Practice,3560470634,WESTPORT,MA
fca7bea6-4070-3d57-8b92-ea035095e3b8,Kenneth671 D'Amore443,General Practice,5159640978,POCASSET,MA
28136394-a9c8-35b9-9633-d859343a04d2,María Elena653 Carrasquillo418,General Practice,2010956049,BRIDGEWATER,MA
570e3ab1-9832-3398-99e7-faf8b1ab2d78,Kortney212 Davis923,General Practice,2587180444,CEDARVILLE,MA
864bd197-6e6c-3e81-a64f-7a9567ff8f78,Shalonda324 Swaniawski813,General Practice,3646433871,NEW BEDFORD,MA
6fc0842d-f666-37e3-b7a9-6ce60ddcd871,Joannie32 Abbott774,General Practice,6317396455,FALL RIVER,MA
ce9b74be-6f87-3624-8d6c-8638378c3995,Valorie864 Ritchie586,General Practice,7221798367,LOWELL,MA
100b3668-3751-38fc-aab3-b0bed389ab54,Cecil300 Hermann103,General Practice,9635838339,BROCKTON,MA
cbd12d5c-74c9-330c-a136-defa2a9719a9,Melina208 Wunsch504,General Practice,7615687261,FAIRHAVEN,MA
ccb492e7-7c6d-3a62-869c-a66770eab1c9,Homero668 Serna195,General Practice,7662057727,HANOVER,MA
5d575df7-fde0-3dd2-b94d-d03a0212e99b,Wes853 Koepp521,General Practice,9644417452,CHELMSFORD,MA
40d6906e-d09d-38ca-bf8f-2d7c581500c7,Johnathon489 Block661,General Practice,1479802266,CHELSEA,MA
d3c3b287-7ffe-3e07-ae12-1ab18784564f,Evan94 Durgan499,General Practice,9369542612,BRAINTREE,MA
ce615fe9-f785-3bbc-ba96-43c329746491,Kassandra256 Schneider199,General Practice,7453998983,SPRINGFIELD,MA
6a6bdaa1-8a4b-3bb7-a781-a6dd7db21309,Lou594 VonRueden376,General Practice,8152308953,WORCESTER,MA
20b6a56e-8643-3b58-8f54-5f1fe2aad5ad,Yuette836 Little434,General Practice,3655388644,WILMINGTON,MA
4c01ab6c-0e25-3780-8afb-57e1efd582eb,Rita460 Grant908,General Practice,9596378481,DORCHESTER,MA
7a112976-6ab3-3811-86bc-ad86d1928fa5,Jerrie417 Balistreri607,General Practice,1945947239,BOSTON,MA
f82a28b9-7c9c-345e-8a17-75b2ee2131b0,Alfredia958 Gleichner915,General Practice,5820838036,WORCESTER,MA
036b59e6-3e9a-372d-bb47-ba57e7364ec1,Sid118 Hoeger474,General Practice,6881140701,PEABODY,MA
814e6907-3a20-39c4-b000-680e0aa98529,Joellen497 Brekke496,General Practice,8371160372,WALTHAM,MA
17d26dd2-81ea-34b9-939e-15df028879fb,Jarod376 Koelpin146,General Practice,8237373040,GREENFIELD,MA
e8713cb0-078b-323a-a5a5-5b05153042bd,Mose244 Bosco882,General Practice,7783478890,SPRINGFIELD,MA
b10fecba-a2ad-3e09-a28b-8caa8e4a7ab5,Tresa661 DuBuque211,General Practice,6754643075,NORTH ATTLEBORO,MA
840b9730-4d41-3240-abcd-aca91ebd0431,Karena692 Simonis280,General Practice,7685950284,CHICOPEE,MA
cd15f2a8-c7f9-3cd4-ad06-0c961f49e95d,Rodger755 Kilback373,General Practice,4667503181,SWAMPSCOTT,MA
23bf510d-5676-3add-a24b-44ec5d8ac145,Eda506 Marvin195,General Practice,6842723501,NORTHAMPTON,MA
b496084f-cadd-3edc-bfdf-4ef1ace0af58,Clarice719 Denesik803,General Practice,2620602658,NORTH DARTMOUTH,MA
1c5a72e6-2713-3bf5-829b-192a2e08398a,Katheleen349 Veum823,General Practice,3450884689,WORCESTER,MA
